order	rank	section	wd_q_id	lang
0	1	موقعه	Q1949998	ar
0	2	التأسيس	Q1949998	ar
1	1	المجموعة	Q1949998	ar
1	2	العمارة	Q1949998	ar
2	1	أهداف المتحف	Q1949998	ar
2	2	الهندسة المعمارية	Q1949998	ar
3	1	مجموعات المتحف	Q1949998	ar
3	2	معارض	Q1949998	ar
0	1	تاريخ المكتبة	Q630893	ar
0	2	التأسيس	Q630893	ar
1	1	أهداف المكتبة	Q630893	ar
1	2	المكتبة	Q630893	ar
2	1	أقسامها	Q630893	ar
2	2	الإفتتاح	Q630893	ar
3	1	انظر ايضاً	Q630893	ar
3	2	الخدمات	Q630893	ar
4	1	الفن المعاصر	Q630893	ar
4	2	المنشأت	Q630893	ar
0	1	موقعه	Q1068063	ar
0	2	التأسيس	Q1068063	ar
1	1	المجموعة	Q1068063	ar
1	2	العمارة	Q1068063	ar
2	1	أهداف المتحف	Q1068063	ar
2	2	الهندسة المعمارية	Q1068063	ar
3	1	مجموعات المتحف	Q1068063	ar
3	2	معارض	Q1068063	ar
0	1	تاريخ المكتبة	Q639791	ar
0	2	التأسيس	Q639791	ar
1	1	أهداف المكتبة	Q639791	ar
1	2	المكتبة	Q639791	ar
2	1	أقسامها	Q639791	ar
2	2	الإفتتاح	Q639791	ar
3	1	انظر ايضاً	Q639791	ar
3	2	الخدمات	Q639791	ar
4	1	الفن المعاصر	Q639791	ar
4	2	المنشأت	Q639791	ar
0	1	تاريخ المكتبة	Q1125633	ar
0	2	التأسيس	Q1125633	ar
1	1	أهداف المكتبة	Q1125633	ar
1	2	المكتبة	Q1125633	ar
2	1	أقسامها	Q1125633	ar
2	2	الإفتتاح	Q1125633	ar
3	1	انظر ايضاً	Q1125633	ar
3	2	الخدمات	Q1125633	ar
4	1	الفن المعاصر	Q1125633	ar
4	2	المنشأت	Q1125633	ar
0	1	تاريخ المكتبة	Q1133733	ar
0	2	التأسيس	Q1133733	ar
1	1	أهداف المكتبة	Q1133733	ar
1	2	المكتبة	Q1133733	ar
2	1	أقسامها	Q1133733	ar
2	2	الإفتتاح	Q1133733	ar
3	1	انظر ايضاً	Q1133733	ar
3	2	الخدمات	Q1133733	ar
4	1	الفن المعاصر	Q1133733	ar
4	2	المنشأت	Q1133733	ar
0	1	موقعه	Q1967614	ar
0	2	التأسيس	Q1967614	ar
1	1	المجموعة	Q1967614	ar
1	2	العمارة	Q1967614	ar
2	1	أهداف المتحف	Q1967614	ar
2	2	الهندسة المعمارية	Q1967614	ar
3	1	مجموعات المتحف	Q1967614	ar
3	2	معارض	Q1967614	ar
0	1	موقعه	Q1948674	ar
0	2	التأسيس	Q1948674	ar
1	1	المجموعة	Q1948674	ar
1	2	العمارة	Q1948674	ar
2	1	أهداف المتحف	Q1948674	ar
2	2	الهندسة المعمارية	Q1948674	ar
3	1	مجموعات المتحف	Q1948674	ar
3	2	معارض	Q1948674	ar
0	1	تاريخ المكتبة	Q616272	ar
0	2	التأسيس	Q616272	ar
1	1	أهداف المكتبة	Q616272	ar
1	2	المكتبة	Q616272	ar
2	1	أقسامها	Q616272	ar
2	2	الإفتتاح	Q616272	ar
3	1	انظر ايضاً	Q616272	ar
3	2	الخدمات	Q616272	ar
4	1	الفن المعاصر	Q616272	ar
4	2	المنشأت	Q616272	ar
0	1	موقعه	Q1117704	ar
0	2	التأسيس	Q1117704	ar
1	1	المجموعة	Q1117704	ar
1	2	العمارة	Q1117704	ar
2	1	أهداف المتحف	Q1117704	ar
2	2	الهندسة المعمارية	Q1117704	ar
3	1	مجموعات المتحف	Q1117704	ar
3	2	معارض	Q1117704	ar
0	1	موقعه	Q3137182	ar
0	2	التأسيس	Q3137182	ar
1	1	المجموعة	Q3137182	ar
1	2	العمارة	Q3137182	ar
2	1	أهداف المتحف	Q3137182	ar
2	2	الهندسة المعمارية	Q3137182	ar
3	1	مجموعات المتحف	Q3137182	ar
3	2	معارض	Q3137182	ar
0	1	تاريخ المكتبة	Q2451336	ar
0	2	التأسيس	Q2451336	ar
1	1	أهداف المكتبة	Q2451336	ar
1	2	المكتبة	Q2451336	ar
2	1	أقسامها	Q2451336	ar
2	2	الإفتتاح	Q2451336	ar
3	1	انظر ايضاً	Q2451336	ar
3	2	الخدمات	Q2451336	ar
4	1	الفن المعاصر	Q2451336	ar
4	2	المنشأت	Q2451336	ar
0	1	موقعه	Q1134646	ar
0	2	التأسيس	Q1134646	ar
1	1	المجموعة	Q1134646	ar
1	2	العمارة	Q1134646	ar
2	1	أهداف المتحف	Q1134646	ar
2	2	الهندسة المعمارية	Q1134646	ar
3	1	مجموعات المتحف	Q1134646	ar
3	2	معارض	Q1134646	ar
0	1	تاريخ المكتبة	Q631375	ar
0	2	التأسيس	Q631375	ar
1	1	أهداف المكتبة	Q631375	ar
1	2	المكتبة	Q631375	ar
2	1	أقسامها	Q631375	ar
2	2	الإفتتاح	Q631375	ar
3	1	انظر ايضاً	Q631375	ar
3	2	الخدمات	Q631375	ar
4	1	الفن المعاصر	Q631375	ar
4	2	المنشأت	Q631375	ar
0	1	موقعه	Q1192305	ar
0	2	التأسيس	Q1192305	ar
1	1	المجموعة	Q1192305	ar
1	2	العمارة	Q1192305	ar
2	1	أهداف المتحف	Q1192305	ar
2	2	الهندسة المعمارية	Q1192305	ar
3	1	مجموعات المتحف	Q1192305	ar
3	2	معارض	Q1192305	ar
0	1	تاريخ المكتبة	Q1435690	ar
0	2	التأسيس	Q1435690	ar
1	1	أهداف المكتبة	Q1435690	ar
1	2	المكتبة	Q1435690	ar
2	1	أقسامها	Q1435690	ar
2	2	الإفتتاح	Q1435690	ar
3	1	انظر ايضاً	Q1435690	ar
3	2	الخدمات	Q1435690	ar
4	1	الفن المعاصر	Q1435690	ar
4	2	المنشأت	Q1435690	ar
0	1	موقعه	Q174274	ar
0	2	التأسيس	Q174274	ar
1	1	المجموعة	Q174274	ar
1	2	العمارة	Q174274	ar
2	1	أهداف المتحف	Q174274	ar
2	2	الهندسة المعمارية	Q174274	ar
3	1	مجموعات المتحف	Q174274	ar
3	2	معارض	Q174274	ar
0	1	تاريخ المكتبة	Q2984686	ar
0	2	التأسيس	Q2984686	ar
1	1	أهداف المكتبة	Q2984686	ar
1	2	المكتبة	Q2984686	ar
2	1	أقسامها	Q2984686	ar
2	2	الإفتتاح	Q2984686	ar
3	1	انظر ايضاً	Q2984686	ar
3	2	الخدمات	Q2984686	ar
4	1	الفن المعاصر	Q2984686	ar
4	2	المنشأت	Q2984686	ar
0	1	موقعه	Q13218762	ar
0	2	التأسيس	Q13218762	ar
1	1	المجموعة	Q13218762	ar
1	2	العمارة	Q13218762	ar
2	1	أهداف المتحف	Q13218762	ar
2	2	الهندسة المعمارية	Q13218762	ar
3	1	مجموعات المتحف	Q13218762	ar
3	2	معارض	Q13218762	ar
0	1	تاريخ المكتبة	Q841507	ar
0	2	التأسيس	Q841507	ar
1	1	أهداف المكتبة	Q841507	ar
1	2	المكتبة	Q841507	ar
2	1	أقسامها	Q841507	ar
2	2	الإفتتاح	Q841507	ar
3	1	انظر ايضاً	Q841507	ar
3	2	الخدمات	Q841507	ar
4	1	الفن المعاصر	Q841507	ar
4	2	المنشأت	Q841507	ar
0	1	موقعه	Q1464509	ar
0	2	التأسيس	Q1464509	ar
1	1	المجموعة	Q1464509	ar
1	2	العمارة	Q1464509	ar
2	1	أهداف المتحف	Q1464509	ar
2	2	الهندسة المعمارية	Q1464509	ar
3	1	مجموعات المتحف	Q1464509	ar
3	2	معارض	Q1464509	ar
0	1	تاريخ المكتبة	Q627423	ar
0	2	التأسيس	Q627423	ar
1	1	أهداف المكتبة	Q627423	ar
1	2	المكتبة	Q627423	ar
2	1	أقسامها	Q627423	ar
2	2	الإفتتاح	Q627423	ar
3	1	انظر ايضاً	Q627423	ar
3	2	الخدمات	Q627423	ar
4	1	الفن المعاصر	Q627423	ar
4	2	المنشأت	Q627423	ar
0	1	موقعه	Q4823962	ar
0	2	التأسيس	Q4823962	ar
1	1	المجموعة	Q4823962	ar
1	2	العمارة	Q4823962	ar
2	1	أهداف المتحف	Q4823962	ar
2	2	الهندسة المعمارية	Q4823962	ar
3	1	مجموعات المتحف	Q4823962	ar
3	2	معارض	Q4823962	ar
0	1	موقعه	Q61084335	ar
0	2	التأسيس	Q61084335	ar
1	1	المجموعة	Q61084335	ar
1	2	العمارة	Q61084335	ar
2	1	أهداف المتحف	Q61084335	ar
2	2	الهندسة المعمارية	Q61084335	ar
3	1	مجموعات المتحف	Q61084335	ar
3	2	معارض	Q61084335	ar
0	1	موقعه	Q679075	ar
0	2	التأسيس	Q679075	ar
1	1	المجموعة	Q679075	ar
1	2	العمارة	Q679075	ar
2	1	أهداف المتحف	Q679075	ar
2	2	الهندسة المعمارية	Q679075	ar
3	1	مجموعات المتحف	Q679075	ar
3	2	معارض	Q679075	ar
0	1	موقعه	Q705557	ar
0	2	التأسيس	Q705557	ar
1	1	المجموعة	Q705557	ar
1	2	العمارة	Q705557	ar
2	1	أهداف المتحف	Q705557	ar
2	2	الهندسة المعمارية	Q705557	ar
3	1	مجموعات المتحف	Q705557	ar
3	2	معارض	Q705557	ar
0	1	موقعه	Q163804	ar
0	2	التأسيس	Q163804	ar
1	1	المجموعة	Q163804	ar
1	2	العمارة	Q163804	ar
2	1	أهداف المتحف	Q163804	ar
2	2	الهندسة المعمارية	Q163804	ar
3	1	مجموعات المتحف	Q163804	ar
3	2	معارض	Q163804	ar
0	1	موقعه	Q808462	ar
0	2	التأسيس	Q808462	ar
1	1	المجموعة	Q808462	ar
1	2	العمارة	Q808462	ar
2	1	أهداف المتحف	Q808462	ar
2	2	الهندسة المعمارية	Q808462	ar
3	1	مجموعات المتحف	Q808462	ar
3	2	معارض	Q808462	ar
0	1	موقعه	Q674427	ar
0	2	التأسيس	Q674427	ar
1	1	المجموعة	Q674427	ar
1	2	العمارة	Q674427	ar
2	1	أهداف المتحف	Q674427	ar
2	2	الهندسة المعمارية	Q674427	ar
3	1	مجموعات المتحف	Q674427	ar
3	2	معارض	Q674427	ar
0	1	موقعه	Q700222	ar
0	2	التأسيس	Q700222	ar
1	1	المجموعة	Q700222	ar
1	2	العمارة	Q700222	ar
2	1	أهداف المتحف	Q700222	ar
2	2	الهندسة المعمارية	Q700222	ar
3	1	مجموعات المتحف	Q700222	ar
3	2	معارض	Q700222	ar
0	1	موقعه	Q1435689	ar
0	2	التأسيس	Q1435689	ar
1	1	المجموعة	Q1435689	ar
1	2	العمارة	Q1435689	ar
2	1	أهداف المتحف	Q1435689	ar
2	2	الهندسة المعمارية	Q1435689	ar
3	1	مجموعات المتحف	Q1435689	ar
3	2	معارض	Q1435689	ar
0	1	موقعه	Q1568434	ar
0	2	التأسيس	Q1568434	ar
1	1	المجموعة	Q1568434	ar
1	2	العمارة	Q1568434	ar
2	1	أهداف المتحف	Q1568434	ar
2	2	الهندسة المعمارية	Q1568434	ar
3	1	مجموعات المتحف	Q1568434	ar
3	2	معارض	Q1568434	ar
0	1	موقعه	Q7319839	ar
0	2	التأسيس	Q7319839	ar
1	1	المجموعة	Q7319839	ar
1	2	العمارة	Q7319839	ar
2	1	أهداف المتحف	Q7319839	ar
2	2	الهندسة المعمارية	Q7319839	ar
3	1	مجموعات المتحف	Q7319839	ar
3	2	معارض	Q7319839	ar
0	1	موقعه	Q2365880	ar
0	2	التأسيس	Q2365880	ar
1	1	المجموعة	Q2365880	ar
1	2	العمارة	Q2365880	ar
2	1	أهداف المتحف	Q2365880	ar
2	2	الهندسة المعمارية	Q2365880	ar
3	1	مجموعات المتحف	Q2365880	ar
3	2	معارض	Q2365880	ar
0	1	تاريخ المكتبة	Q4314822	ar
0	2	التأسيس	Q4314822	ar
1	1	أهداف المكتبة	Q4314822	ar
1	2	المكتبة	Q4314822	ar
2	1	أقسامها	Q4314822	ar
2	2	الإفتتاح	Q4314822	ar
3	1	انظر ايضاً	Q4314822	ar
3	2	الخدمات	Q4314822	ar
4	1	الفن المعاصر	Q4314822	ar
4	2	المنشأت	Q4314822	ar
0	1	موقعه	Q1754105	ar
0	2	التأسيس	Q1754105	ar
1	1	المجموعة	Q1754105	ar
1	2	العمارة	Q1754105	ar
2	1	أهداف المتحف	Q1754105	ar
2	2	الهندسة المعمارية	Q1754105	ar
3	1	مجموعات المتحف	Q1754105	ar
3	2	معارض	Q1754105	ar
0	1	موقعه	Q812285	ar
0	2	التأسيس	Q812285	ar
1	1	المجموعة	Q812285	ar
1	2	العمارة	Q812285	ar
2	1	أهداف المتحف	Q812285	ar
2	2	الهندسة المعمارية	Q812285	ar
3	1	مجموعات المتحف	Q812285	ar
3	2	معارض	Q812285	ar
0	1	موقعه	Q861660	ar
0	2	التأسيس	Q861660	ar
1	1	المجموعة	Q861660	ar
1	2	العمارة	Q861660	ar
2	1	أهداف المتحف	Q861660	ar
2	2	الهندسة المعمارية	Q861660	ar
3	1	مجموعات المتحف	Q861660	ar
3	2	معارض	Q861660	ar
0	1	موقعه	Q1509201	ar
0	2	التأسيس	Q1509201	ar
1	1	المجموعة	Q1509201	ar
1	2	العمارة	Q1509201	ar
2	1	أهداف المتحف	Q1509201	ar
2	2	الهندسة المعمارية	Q1509201	ar
3	1	مجموعات المتحف	Q1509201	ar
3	2	معارض	Q1509201	ar
0	1	موقعه	Q1786577	ar
0	2	التأسيس	Q1786577	ar
1	1	المجموعة	Q1786577	ar
1	2	العمارة	Q1786577	ar
2	1	أهداف المتحف	Q1786577	ar
2	2	الهندسة المعمارية	Q1786577	ar
3	1	مجموعات المتحف	Q1786577	ar
3	2	معارض	Q1786577	ar
0	1	موقعه	Q1700481	ar
0	2	التأسيس	Q1700481	ar
1	1	المجموعة	Q1700481	ar
1	2	العمارة	Q1700481	ar
2	1	أهداف المتحف	Q1700481	ar
2	2	الهندسة المعمارية	Q1700481	ar
3	1	مجموعات المتحف	Q1700481	ar
3	2	معارض	Q1700481	ar
0	1	موقعه	Q176251	ar
0	2	التأسيس	Q176251	ar
1	1	المجموعة	Q176251	ar
1	2	العمارة	Q176251	ar
2	1	أهداف المتحف	Q176251	ar
2	2	الهندسة المعمارية	Q176251	ar
3	1	مجموعات المتحف	Q176251	ar
3	2	معارض	Q176251	ar
0	1	موقعه	Q1641836	ar
0	2	التأسيس	Q1641836	ar
1	1	المجموعة	Q1641836	ar
1	2	العمارة	Q1641836	ar
2	1	أهداف المتحف	Q1641836	ar
2	2	الهندسة المعمارية	Q1641836	ar
3	1	مجموعات المتحف	Q1641836	ar
3	2	معارض	Q1641836	ar
0	1	موقعه	Q303139	ar
0	2	التأسيس	Q303139	ar
1	1	المجموعة	Q303139	ar
1	2	العمارة	Q303139	ar
2	1	أهداف المتحف	Q303139	ar
2	2	الهندسة المعمارية	Q303139	ar
3	1	مجموعات المتحف	Q303139	ar
3	2	معارض	Q303139	ar
0	1	موقعه	Q488005	ar
0	2	التأسيس	Q488005	ar
1	1	المجموعة	Q488005	ar
1	2	العمارة	Q488005	ar
2	1	أهداف المتحف	Q488005	ar
2	2	الهندسة المعمارية	Q488005	ar
3	1	مجموعات المتحف	Q488005	ar
3	2	معارض	Q488005	ar
0	1	موقعه	Q865736	ar
0	2	التأسيس	Q865736	ar
1	1	المجموعة	Q865736	ar
1	2	العمارة	Q865736	ar
2	1	أهداف المتحف	Q865736	ar
2	2	الهندسة المعمارية	Q865736	ar
3	1	مجموعات المتحف	Q865736	ar
3	2	معارض	Q865736	ar
0	1	موقعه	Q5161648	ar
0	2	التأسيس	Q5161648	ar
1	1	المجموعة	Q5161648	ar
1	2	العمارة	Q5161648	ar
2	1	أهداف المتحف	Q5161648	ar
2	2	الهندسة المعمارية	Q5161648	ar
3	1	مجموعات المتحف	Q5161648	ar
3	2	معارض	Q5161648	ar
0	1	موقعه	Q495590	ar
0	2	التأسيس	Q495590	ar
1	1	المجموعة	Q495590	ar
1	2	العمارة	Q495590	ar
2	1	أهداف المتحف	Q495590	ar
2	2	الهندسة المعمارية	Q495590	ar
3	1	مجموعات المتحف	Q495590	ar
3	2	معارض	Q495590	ar
0	1	موقعه	Q2711480	ar
0	2	التأسيس	Q2711480	ar
1	1	المجموعة	Q2711480	ar
1	2	العمارة	Q2711480	ar
2	1	أهداف المتحف	Q2711480	ar
2	2	الهندسة المعمارية	Q2711480	ar
3	1	مجموعات المتحف	Q2711480	ar
3	2	معارض	Q2711480	ar
0	1	موقعه	Q2864562	ar
0	2	التأسيس	Q2864562	ar
1	1	المجموعة	Q2864562	ar
1	2	العمارة	Q2864562	ar
2	1	أهداف المتحف	Q2864562	ar
2	2	الهندسة المعمارية	Q2864562	ar
3	1	مجموعات المتحف	Q2864562	ar
3	2	معارض	Q2864562	ar
0	1	موقعه	Q1956214	ar
0	2	التأسيس	Q1956214	ar
1	1	المجموعة	Q1956214	ar
1	2	العمارة	Q1956214	ar
2	1	أهداف المتحف	Q1956214	ar
2	2	الهندسة المعمارية	Q1956214	ar
3	1	مجموعات المتحف	Q1956214	ar
3	2	معارض	Q1956214	ar
0	1	موقعه	Q11795583	ar
0	2	التأسيس	Q11795583	ar
1	1	المجموعة	Q11795583	ar
1	2	العمارة	Q11795583	ar
2	1	أهداف المتحف	Q11795583	ar
2	2	الهندسة المعمارية	Q11795583	ar
3	1	مجموعات المتحف	Q11795583	ar
3	2	معارض	Q11795583	ar
0	1	موقعه	Q6837811	ar
0	2	التأسيس	Q6837811	ar
1	1	المجموعة	Q6837811	ar
1	2	العمارة	Q6837811	ar
2	1	أهداف المتحف	Q6837811	ar
2	2	الهندسة المعمارية	Q6837811	ar
3	1	مجموعات المتحف	Q6837811	ar
3	2	معارض	Q6837811	ar
0	1	موقعه	Q21043512	ar
0	2	التأسيس	Q21043512	ar
1	1	المجموعة	Q21043512	ar
1	2	العمارة	Q21043512	ar
2	1	أهداف المتحف	Q21043512	ar
2	2	الهندسة المعمارية	Q21043512	ar
3	1	مجموعات المتحف	Q21043512	ar
3	2	معارض	Q21043512	ar
0	1	موقعه	Q1760539	ar
0	2	التأسيس	Q1760539	ar
1	1	المجموعة	Q1760539	ar
1	2	العمارة	Q1760539	ar
2	1	أهداف المتحف	Q1760539	ar
2	2	الهندسة المعمارية	Q1760539	ar
3	1	مجموعات المتحف	Q1760539	ar
3	2	معارض	Q1760539	ar
0	1	موقعه	Q913672	ar
0	2	التأسيس	Q913672	ar
1	1	المجموعة	Q913672	ar
1	2	العمارة	Q913672	ar
2	1	أهداف المتحف	Q913672	ar
2	2	الهندسة المعمارية	Q913672	ar
3	1	مجموعات المتحف	Q913672	ar
3	2	معارض	Q913672	ar
0	1	موقعه	Q857276	ar
0	2	التأسيس	Q857276	ar
1	1	المجموعة	Q857276	ar
1	2	العمارة	Q857276	ar
2	1	أهداف المتحف	Q857276	ar
2	2	الهندسة المعمارية	Q857276	ar
3	1	مجموعات المتحف	Q857276	ar
3	2	معارض	Q857276	ar
0	1	موقعه	Q866498	ar
0	2	التأسيس	Q866498	ar
1	1	المجموعة	Q866498	ar
1	2	العمارة	Q866498	ar
2	1	أهداف المتحف	Q866498	ar
2	2	الهندسة المعمارية	Q866498	ar
3	1	مجموعات المتحف	Q866498	ar
3	2	معارض	Q866498	ar
0	1	موقعه	Q7708211	ar
0	2	التأسيس	Q7708211	ar
1	1	المجموعة	Q7708211	ar
1	2	العمارة	Q7708211	ar
2	1	أهداف المتحف	Q7708211	ar
2	2	الهندسة المعمارية	Q7708211	ar
3	1	مجموعات المتحف	Q7708211	ar
3	2	معارض	Q7708211	ar
0	1	موقعه	Q6055547	ar
0	2	التأسيس	Q6055547	ar
1	1	المجموعة	Q6055547	ar
1	2	العمارة	Q6055547	ar
2	1	أهداف المتحف	Q6055547	ar
2	2	الهندسة المعمارية	Q6055547	ar
3	1	مجموعات المتحف	Q6055547	ar
3	2	معارض	Q6055547	ar
0	1	موقعه	Q5587398	ar
0	2	التأسيس	Q5587398	ar
1	1	المجموعة	Q5587398	ar
1	2	العمارة	Q5587398	ar
2	1	أهداف المتحف	Q5587398	ar
2	2	الهندسة المعمارية	Q5587398	ar
3	1	مجموعات المتحف	Q5587398	ar
3	2	معارض	Q5587398	ar
0	1	موقعه	Q36460247	ar
0	2	التأسيس	Q36460247	ar
1	1	المجموعة	Q36460247	ar
1	2	العمارة	Q36460247	ar
2	1	أهداف المتحف	Q36460247	ar
2	2	الهندسة المعمارية	Q36460247	ar
3	1	مجموعات المتحف	Q36460247	ar
3	2	معارض	Q36460247	ar
0	1	موقعه	Q8035502	ar
0	2	التأسيس	Q8035502	ar
1	1	المجموعة	Q8035502	ar
1	2	العمارة	Q8035502	ar
2	1	أهداف المتحف	Q8035502	ar
2	2	الهندسة المعمارية	Q8035502	ar
3	1	مجموعات المتحف	Q8035502	ar
3	2	معارض	Q8035502	ar
0	1	موقعه	Q22021768	ar
0	2	التأسيس	Q22021768	ar
1	1	المجموعة	Q22021768	ar
1	2	العمارة	Q22021768	ar
2	1	أهداف المتحف	Q22021768	ar
2	2	الهندسة المعمارية	Q22021768	ar
3	1	مجموعات المتحف	Q22021768	ar
3	2	معارض	Q22021768	ar
0	1	موقعه	Q430682	ar
0	2	التأسيس	Q430682	ar
1	1	المجموعة	Q430682	ar
1	2	العمارة	Q430682	ar
2	1	أهداف المتحف	Q430682	ar
2	2	الهندسة المعمارية	Q430682	ar
3	1	مجموعات المتحف	Q430682	ar
3	2	معارض	Q430682	ar
0	1	موقعه	Q1043967	ar
0	2	التأسيس	Q1043967	ar
1	1	المجموعة	Q1043967	ar
1	2	العمارة	Q1043967	ar
2	1	أهداف المتحف	Q1043967	ar
2	2	الهندسة المعمارية	Q1043967	ar
3	1	مجموعات المتحف	Q1043967	ar
3	2	معارض	Q1043967	ar
0	1	موقعه	Q924335	ar
0	2	التأسيس	Q924335	ar
1	1	المجموعة	Q924335	ar
1	2	العمارة	Q924335	ar
2	1	أهداف المتحف	Q924335	ar
2	2	الهندسة المعمارية	Q924335	ar
3	1	مجموعات المتحف	Q924335	ar
3	2	معارض	Q924335	ar
0	1	موقعه	Q114418	ar
0	2	التأسيس	Q114418	ar
1	1	المجموعة	Q114418	ar
1	2	العمارة	Q114418	ar
2	1	أهداف المتحف	Q114418	ar
2	2	الهندسة المعمارية	Q114418	ar
3	1	مجموعات المتحف	Q114418	ar
3	2	معارض	Q114418	ar
0	1	موقعه	Q316242	ar
0	2	التأسيس	Q316242	ar
1	1	المجموعة	Q316242	ar
1	2	العمارة	Q316242	ar
2	1	أهداف المتحف	Q316242	ar
2	2	الهندسة المعمارية	Q316242	ar
3	1	مجموعات المتحف	Q316242	ar
3	2	معارض	Q316242	ar
0	1	موقعه	Q4819492	ar
0	2	التأسيس	Q4819492	ar
1	1	المجموعة	Q4819492	ar
1	2	العمارة	Q4819492	ar
2	1	أهداف المتحف	Q4819492	ar
2	2	الهندسة المعمارية	Q4819492	ar
3	1	مجموعات المتحف	Q4819492	ar
3	2	معارض	Q4819492	ar
0	1	موقعه	Q5194236	ar
0	2	التأسيس	Q5194236	ar
1	1	المجموعة	Q5194236	ar
1	2	العمارة	Q5194236	ar
2	1	أهداف المتحف	Q5194236	ar
2	2	الهندسة المعمارية	Q5194236	ar
3	1	مجموعات المتحف	Q5194236	ar
3	2	معارض	Q5194236	ar
0	1	موقعه	Q7335252	ar
0	2	التأسيس	Q7335252	ar
1	1	المجموعة	Q7335252	ar
1	2	العمارة	Q7335252	ar
2	1	أهداف المتحف	Q7335252	ar
2	2	الهندسة المعمارية	Q7335252	ar
3	1	مجموعات المتحف	Q7335252	ar
3	2	معارض	Q7335252	ar
0	1	تاريخ المكتبة	Q7233488	ar
0	2	التأسيس	Q7233488	ar
1	1	أهداف المكتبة	Q7233488	ar
1	2	المكتبة	Q7233488	ar
2	1	أقسامها	Q7233488	ar
2	2	الإفتتاح	Q7233488	ar
3	1	انظر ايضاً	Q7233488	ar
3	2	الخدمات	Q7233488	ar
4	1	الفن المعاصر	Q7233488	ar
4	2	المنشأت	Q7233488	ar
0	1	تاريخ المكتبة	Q7971387	ar
0	2	التأسيس	Q7971387	ar
1	1	أهداف المكتبة	Q7971387	ar
1	2	المكتبة	Q7971387	ar
2	1	أقسامها	Q7971387	ar
2	2	الإفتتاح	Q7971387	ar
3	1	انظر ايضاً	Q7971387	ar
3	2	الخدمات	Q7971387	ar
4	1	الفن المعاصر	Q7971387	ar
4	2	المنشأت	Q7971387	ar
0	1	موقعه	Q28226147	ar
0	2	التأسيس	Q28226147	ar
1	1	المجموعة	Q28226147	ar
1	2	العمارة	Q28226147	ar
2	1	أهداف المتحف	Q28226147	ar
2	2	الهندسة المعمارية	Q28226147	ar
3	1	مجموعات المتحف	Q28226147	ar
3	2	معارض	Q28226147	ar
0	1	موقعه	Q5572991	ar
0	2	التأسيس	Q5572991	ar
1	1	المجموعة	Q5572991	ar
1	2	العمارة	Q5572991	ar
2	1	أهداف المتحف	Q5572991	ar
2	2	الهندسة المعمارية	Q5572991	ar
3	1	مجموعات المتحف	Q5572991	ar
3	2	معارض	Q5572991	ar
0	1	موقعه	Q758657	ar
0	2	التأسيس	Q758657	ar
1	1	المجموعة	Q758657	ar
1	2	العمارة	Q758657	ar
2	1	أهداف المتحف	Q758657	ar
2	2	الهندسة المعمارية	Q758657	ar
3	1	مجموعات المتحف	Q758657	ar
3	2	معارض	Q758657	ar
0	1	موقعه	Q782783	ar
0	2	التأسيس	Q782783	ar
1	1	المجموعة	Q782783	ar
1	2	العمارة	Q782783	ar
2	1	أهداف المتحف	Q782783	ar
2	2	الهندسة المعمارية	Q782783	ar
3	1	مجموعات المتحف	Q782783	ar
3	2	معارض	Q782783	ar
0	1	موقعه	Q3348664	ar
0	2	التأسيس	Q3348664	ar
1	1	المجموعة	Q3348664	ar
1	2	العمارة	Q3348664	ar
2	1	أهداف المتحف	Q3348664	ar
2	2	الهندسة المعمارية	Q3348664	ar
3	1	مجموعات المتحف	Q3348664	ar
3	2	معارض	Q3348664	ar
0	1	موقعه	Q6352575	ar
0	2	التأسيس	Q6352575	ar
1	1	المجموعة	Q6352575	ar
1	2	العمارة	Q6352575	ar
2	1	أهداف المتحف	Q6352575	ar
2	2	الهندسة المعمارية	Q6352575	ar
3	1	مجموعات المتحف	Q6352575	ar
3	2	معارض	Q6352575	ar
0	1	موقعه	Q902624	ar
0	2	التأسيس	Q902624	ar
1	1	المجموعة	Q902624	ar
1	2	العمارة	Q902624	ar
2	1	أهداف المتحف	Q902624	ar
2	2	الهندسة المعمارية	Q902624	ar
3	1	مجموعات المتحف	Q902624	ar
3	2	معارض	Q902624	ar
0	1	موقعه	Q159483	ar
0	2	التأسيس	Q159483	ar
1	1	المجموعة	Q159483	ar
1	2	العمارة	Q159483	ar
2	1	أهداف المتحف	Q159483	ar
2	2	الهندسة المعمارية	Q159483	ar
3	1	مجموعات المتحف	Q159483	ar
3	2	معارض	Q159483	ar
0	1	تاريخ المكتبة	Q15275733	ar
0	2	التأسيس	Q15275733	ar
1	1	أهداف المكتبة	Q15275733	ar
1	2	المكتبة	Q15275733	ar
2	1	أقسامها	Q15275733	ar
2	2	الإفتتاح	Q15275733	ar
3	1	انظر ايضاً	Q15275733	ar
3	2	الخدمات	Q15275733	ar
4	1	الفن المعاصر	Q15275733	ar
4	2	المنشأت	Q15275733	ar
0	1	تاريخ المكتبة	Q10927199	ar
0	2	التأسيس	Q10927199	ar
1	1	أهداف المكتبة	Q10927199	ar
1	2	المكتبة	Q10927199	ar
2	1	أقسامها	Q10927199	ar
2	2	الإفتتاح	Q10927199	ar
3	1	انظر ايضاً	Q10927199	ar
3	2	الخدمات	Q10927199	ar
4	1	الفن المعاصر	Q10927199	ar
4	2	المنشأت	Q10927199	ar
0	1	تاريخ المكتبة	Q2777905	ar
0	2	التأسيس	Q2777905	ar
1	1	أهداف المكتبة	Q2777905	ar
1	2	المكتبة	Q2777905	ar
2	1	أقسامها	Q2777905	ar
2	2	الإفتتاح	Q2777905	ar
3	1	انظر ايضاً	Q2777905	ar
3	2	الخدمات	Q2777905	ar
4	1	الفن المعاصر	Q2777905	ar
4	2	المنشأت	Q2777905	ar
0	1	موقعه	Q7181635	ar
0	2	التأسيس	Q7181635	ar
1	1	المجموعة	Q7181635	ar
1	2	العمارة	Q7181635	ar
2	1	أهداف المتحف	Q7181635	ar
2	2	الهندسة المعمارية	Q7181635	ar
3	1	مجموعات المتحف	Q7181635	ar
3	2	معارض	Q7181635	ar
0	1	موقعه	Q18088607	ar
0	2	التأسيس	Q18088607	ar
1	1	المجموعة	Q18088607	ar
1	2	العمارة	Q18088607	ar
2	1	أهداف المتحف	Q18088607	ar
2	2	الهندسة المعمارية	Q18088607	ar
3	1	مجموعات المتحف	Q18088607	ar
3	2	معارض	Q18088607	ar
0	1	تاريخ المكتبة	Q2256277	ar
0	2	التأسيس	Q2256277	ar
1	1	أهداف المكتبة	Q2256277	ar
1	2	المكتبة	Q2256277	ar
2	1	أقسامها	Q2256277	ar
2	2	الإفتتاح	Q2256277	ar
3	1	انظر ايضاً	Q2256277	ar
3	2	الخدمات	Q2256277	ar
4	1	الفن المعاصر	Q2256277	ar
4	2	المنشأت	Q2256277	ar
0	1	تاريخ المكتبة	Q11284309	ar
0	2	التأسيس	Q11284309	ar
1	1	أهداف المكتبة	Q11284309	ar
1	2	المكتبة	Q11284309	ar
2	1	أقسامها	Q11284309	ar
2	2	الإفتتاح	Q11284309	ar
3	1	انظر ايضاً	Q11284309	ar
3	2	الخدمات	Q11284309	ar
4	1	الفن المعاصر	Q11284309	ar
4	2	المنشأت	Q11284309	ar
0	1	موقعه	Q30324366	ar
0	2	التأسيس	Q30324366	ar
1	1	المجموعة	Q30324366	ar
1	2	العمارة	Q30324366	ar
2	1	أهداف المتحف	Q30324366	ar
2	2	الهندسة المعمارية	Q30324366	ar
3	1	مجموعات المتحف	Q30324366	ar
3	2	معارض	Q30324366	ar
0	1	تاريخ المكتبة	Q57705758	ar
0	2	التأسيس	Q57705758	ar
1	1	أهداف المكتبة	Q57705758	ar
1	2	المكتبة	Q57705758	ar
2	1	أقسامها	Q57705758	ar
2	2	الإفتتاح	Q57705758	ar
3	1	انظر ايضاً	Q57705758	ar
3	2	الخدمات	Q57705758	ar
4	1	الفن المعاصر	Q57705758	ar
4	2	المنشأت	Q57705758	ar
0	1	تاريخ المكتبة	Q75848338	ar
0	2	التأسيس	Q75848338	ar
1	1	أهداف المكتبة	Q75848338	ar
1	2	المكتبة	Q75848338	ar
2	1	أقسامها	Q75848338	ar
2	2	الإفتتاح	Q75848338	ar
3	1	انظر ايضاً	Q75848338	ar
3	2	الخدمات	Q75848338	ar
4	1	الفن المعاصر	Q75848338	ar
4	2	المنشأت	Q75848338	ar
0	1	تاريخ المكتبة	Q867925	ar
0	2	التأسيس	Q867925	ar
1	1	أهداف المكتبة	Q867925	ar
1	2	المكتبة	Q867925	ar
2	1	أقسامها	Q867925	ar
2	2	الإفتتاح	Q867925	ar
3	1	انظر ايضاً	Q867925	ar
3	2	الخدمات	Q867925	ar
4	1	الفن المعاصر	Q867925	ar
4	2	المنشأت	Q867925	ar
0	1	تاريخ المكتبة	Q4785478	ar
0	2	التأسيس	Q4785478	ar
1	1	أهداف المكتبة	Q4785478	ar
1	2	المكتبة	Q4785478	ar
2	1	أقسامها	Q4785478	ar
2	2	الإفتتاح	Q4785478	ar
3	1	انظر ايضاً	Q4785478	ar
3	2	الخدمات	Q4785478	ar
4	1	الفن المعاصر	Q4785478	ar
4	2	المنشأت	Q4785478	ar
0	1	تاريخ المكتبة	Q3144107	ar
0	2	التأسيس	Q3144107	ar
1	1	أهداف المكتبة	Q3144107	ar
1	2	المكتبة	Q3144107	ar
2	1	أقسامها	Q3144107	ar
2	2	الإفتتاح	Q3144107	ar
3	1	انظر ايضاً	Q3144107	ar
3	2	الخدمات	Q3144107	ar
4	1	الفن المعاصر	Q3144107	ar
4	2	المنشأت	Q3144107	ar
0	1	تاريخ المكتبة	Q7550801	ar
0	2	التأسيس	Q7550801	ar
1	1	أهداف المكتبة	Q7550801	ar
1	2	المكتبة	Q7550801	ar
2	1	أقسامها	Q7550801	ar
2	2	الإفتتاح	Q7550801	ar
3	1	انظر ايضاً	Q7550801	ar
3	2	الخدمات	Q7550801	ar
4	1	الفن المعاصر	Q7550801	ar
4	2	المنشأت	Q7550801	ar
0	1	تاريخ المكتبة	Q22661177	ar
0	2	التأسيس	Q22661177	ar
1	1	أهداف المكتبة	Q22661177	ar
1	2	المكتبة	Q22661177	ar
2	1	أقسامها	Q22661177	ar
2	2	الإفتتاح	Q22661177	ar
3	1	انظر ايضاً	Q22661177	ar
3	2	الخدمات	Q22661177	ar
4	1	الفن المعاصر	Q22661177	ar
4	2	المنشأت	Q22661177	ar
0	1	تاريخ المكتبة	Q19835482	ar
0	2	التأسيس	Q19835482	ar
1	1	أهداف المكتبة	Q19835482	ar
1	2	المكتبة	Q19835482	ar
2	1	أقسامها	Q19835482	ar
2	2	الإفتتاح	Q19835482	ar
3	1	انظر ايضاً	Q19835482	ar
3	2	الخدمات	Q19835482	ar
4	1	الفن المعاصر	Q19835482	ar
4	2	المنشأت	Q19835482	ar
0	1	تاريخ المكتبة	Q2715061	ar
0	2	التأسيس	Q2715061	ar
1	1	أهداف المكتبة	Q2715061	ar
1	2	المكتبة	Q2715061	ar
2	1	أقسامها	Q2715061	ar
2	2	الإفتتاح	Q2715061	ar
3	1	انظر ايضاً	Q2715061	ar
3	2	الخدمات	Q2715061	ar
4	1	الفن المعاصر	Q2715061	ar
4	2	المنشأت	Q2715061	ar
0	1	تاريخ المكتبة	Q5972440	ar
0	2	التأسيس	Q5972440	ar
1	1	أهداف المكتبة	Q5972440	ar
1	2	المكتبة	Q5972440	ar
2	1	أقسامها	Q5972440	ar
2	2	الإفتتاح	Q5972440	ar
3	1	انظر ايضاً	Q5972440	ar
3	2	الخدمات	Q5972440	ar
4	1	الفن المعاصر	Q5972440	ar
4	2	المنشأت	Q5972440	ar
0	1	موقعه	Q1226166	ar
0	2	التأسيس	Q1226166	ar
1	1	المجموعة	Q1226166	ar
1	2	العمارة	Q1226166	ar
2	1	أهداف المتحف	Q1226166	ar
2	2	الهندسة المعمارية	Q1226166	ar
3	1	مجموعات المتحف	Q1226166	ar
3	2	معارض	Q1226166	ar
0	1	تاريخ المكتبة	Q22908627	ar
0	2	التأسيس	Q22908627	ar
1	1	أهداف المكتبة	Q22908627	ar
1	2	المكتبة	Q22908627	ar
2	1	أقسامها	Q22908627	ar
2	2	الإفتتاح	Q22908627	ar
3	1	انظر ايضاً	Q22908627	ar
3	2	الخدمات	Q22908627	ar
4	1	الفن المعاصر	Q22908627	ar
4	2	المنشأت	Q22908627	ar
0	1	تاريخ المكتبة	Q142667	ar
0	2	التأسيس	Q142667	ar
1	1	أهداف المكتبة	Q142667	ar
1	2	المكتبة	Q142667	ar
2	1	أقسامها	Q142667	ar
2	2	الإفتتاح	Q142667	ar
3	1	انظر ايضاً	Q142667	ar
3	2	الخدمات	Q142667	ar
4	1	الفن المعاصر	Q142667	ar
4	2	المنشأت	Q142667	ar
0	1	تاريخ المكتبة	Q17013516	ar
0	2	التأسيس	Q17013516	ar
1	1	أهداف المكتبة	Q17013516	ar
1	2	المكتبة	Q17013516	ar
2	1	أقسامها	Q17013516	ar
2	2	الإفتتاح	Q17013516	ar
3	1	انظر ايضاً	Q17013516	ar
3	2	الخدمات	Q17013516	ar
4	1	الفن المعاصر	Q17013516	ar
4	2	المنشأت	Q17013516	ar
0	1	تاريخ المكتبة	Q3912134	ar
0	2	التأسيس	Q3912134	ar
1	1	أهداف المكتبة	Q3912134	ar
1	2	المكتبة	Q3912134	ar
2	1	أقسامها	Q3912134	ar
2	2	الإفتتاح	Q3912134	ar
3	1	انظر ايضاً	Q3912134	ar
3	2	الخدمات	Q3912134	ar
4	1	الفن المعاصر	Q3912134	ar
4	2	المنشأت	Q3912134	ar
0	1	تاريخ المكتبة	Q18691678	ar
0	2	التأسيس	Q18691678	ar
1	1	أهداف المكتبة	Q18691678	ar
1	2	المكتبة	Q18691678	ar
2	1	أقسامها	Q18691678	ar
2	2	الإفتتاح	Q18691678	ar
3	1	انظر ايضاً	Q18691678	ar
3	2	الخدمات	Q18691678	ar
4	1	الفن المعاصر	Q18691678	ar
4	2	المنشأت	Q18691678	ar
0	1	تاريخ المكتبة	Q3519804	ar
0	2	التأسيس	Q3519804	ar
1	1	أهداف المكتبة	Q3519804	ar
1	2	المكتبة	Q3519804	ar
2	1	أقسامها	Q3519804	ar
2	2	الإفتتاح	Q3519804	ar
3	1	انظر ايضاً	Q3519804	ar
3	2	الخدمات	Q3519804	ar
4	1	الفن المعاصر	Q3519804	ar
4	2	المنشأت	Q3519804	ar
0	1	تاريخ المكتبة	Q27996491	ar
0	2	التأسيس	Q27996491	ar
1	1	أهداف المكتبة	Q27996491	ar
1	2	المكتبة	Q27996491	ar
2	1	أقسامها	Q27996491	ar
2	2	الإفتتاح	Q27996491	ar
3	1	انظر ايضاً	Q27996491	ar
3	2	الخدمات	Q27996491	ar
4	1	الفن المعاصر	Q27996491	ar
4	2	المنشأت	Q27996491	ar
0	1	تاريخ المكتبة	Q8063109	ar
0	2	التأسيس	Q8063109	ar
1	1	أهداف المكتبة	Q8063109	ar
1	2	المكتبة	Q8063109	ar
2	1	أقسامها	Q8063109	ar
2	2	الإفتتاح	Q8063109	ar
3	1	انظر ايضاً	Q8063109	ar
3	2	الخدمات	Q8063109	ar
4	1	الفن المعاصر	Q8063109	ar
4	2	المنشأت	Q8063109	ar
0	1	تاريخ المكتبة	Q901755	ar
0	2	التأسيس	Q901755	ar
1	1	أهداف المكتبة	Q901755	ar
1	2	المكتبة	Q901755	ar
2	1	أقسامها	Q901755	ar
2	2	الإفتتاح	Q901755	ar
3	1	انظر ايضاً	Q901755	ar
3	2	الخدمات	Q901755	ar
4	1	الفن المعاصر	Q901755	ar
4	2	المنشأت	Q901755	ar
0	1	تاريخ المكتبة	Q4848721	ar
0	2	التأسيس	Q4848721	ar
1	1	أهداف المكتبة	Q4848721	ar
1	2	المكتبة	Q4848721	ar
2	1	أقسامها	Q4848721	ar
2	2	الإفتتاح	Q4848721	ar
3	1	انظر ايضاً	Q4848721	ar
3	2	الخدمات	Q4848721	ar
4	1	الفن المعاصر	Q4848721	ar
4	2	المنشأت	Q4848721	ar
0	1	موقعه	Q1968666	ar
0	2	التأسيس	Q1968666	ar
1	1	المجموعة	Q1968666	ar
1	2	العمارة	Q1968666	ar
2	1	أهداف المتحف	Q1968666	ar
2	2	الهندسة المعمارية	Q1968666	ar
3	1	مجموعات المتحف	Q1968666	ar
3	2	معارض	Q1968666	ar
0	1	موقعه	Q809892	ar
0	2	التأسيس	Q809892	ar
1	1	المجموعة	Q809892	ar
1	2	العمارة	Q809892	ar
2	1	أهداف المتحف	Q809892	ar
2	2	الهندسة المعمارية	Q809892	ar
3	1	مجموعات المتحف	Q809892	ar
3	2	معارض	Q809892	ar
0	1	تاريخ المكتبة	Q3719374	ar
0	2	التأسيس	Q3719374	ar
1	1	أهداف المكتبة	Q3719374	ar
1	2	المكتبة	Q3719374	ar
2	1	أقسامها	Q3719374	ar
2	2	الإفتتاح	Q3719374	ar
3	1	انظر ايضاً	Q3719374	ar
3	2	الخدمات	Q3719374	ar
4	1	الفن المعاصر	Q3719374	ar
4	2	المنشأت	Q3719374	ar
0	1	موقعه	Q16665606	ar
0	2	التأسيس	Q16665606	ar
1	1	المجموعة	Q16665606	ar
1	2	العمارة	Q16665606	ar
2	1	أهداف المتحف	Q16665606	ar
2	2	الهندسة المعمارية	Q16665606	ar
3	1	مجموعات المتحف	Q16665606	ar
3	2	معارض	Q16665606	ar
0	1	موقعه	Q304418	ar
0	2	التأسيس	Q304418	ar
1	1	المجموعة	Q304418	ar
1	2	العمارة	Q304418	ar
2	1	أهداف المتحف	Q304418	ar
2	2	الهندسة المعمارية	Q304418	ar
3	1	مجموعات المتحف	Q304418	ar
3	2	معارض	Q304418	ar
0	1	موقعه	Q4201615	ar
0	2	التأسيس	Q4201615	ar
1	1	المجموعة	Q4201615	ar
1	2	العمارة	Q4201615	ar
2	1	أهداف المتحف	Q4201615	ar
2	2	الهندسة المعمارية	Q4201615	ar
3	1	مجموعات المتحف	Q4201615	ar
3	2	معارض	Q4201615	ar
0	1	موقعه	Q2684769	ar
0	2	التأسيس	Q2684769	ar
1	1	المجموعة	Q2684769	ar
1	2	العمارة	Q2684769	ar
2	1	أهداف المتحف	Q2684769	ar
2	2	الهندسة المعمارية	Q2684769	ar
3	1	مجموعات المتحف	Q2684769	ar
3	2	معارض	Q2684769	ar
0	1	موقعه	Q915603	ar
0	2	التأسيس	Q915603	ar
1	1	المجموعة	Q915603	ar
1	2	العمارة	Q915603	ar
2	1	أهداف المتحف	Q915603	ar
2	2	الهندسة المعمارية	Q915603	ar
3	1	مجموعات المتحف	Q915603	ar
3	2	معارض	Q915603	ar
0	1	موقعه	Q1955752	ar
0	2	التأسيس	Q1955752	ar
1	1	المجموعة	Q1955752	ar
1	2	العمارة	Q1955752	ar
2	1	أهداف المتحف	Q1955752	ar
2	2	الهندسة المعمارية	Q1955752	ar
3	1	مجموعات المتحف	Q1955752	ar
3	2	معارض	Q1955752	ar
0	1	موقعه	Q2719230	ar
0	2	التأسيس	Q2719230	ar
1	1	المجموعة	Q2719230	ar
1	2	العمارة	Q2719230	ar
2	1	أهداف المتحف	Q2719230	ar
2	2	الهندسة المعمارية	Q2719230	ar
3	1	مجموعات المتحف	Q2719230	ar
3	2	معارض	Q2719230	ar
0	1	موقعه	Q11881923	ar
0	2	التأسيس	Q11881923	ar
1	1	المجموعة	Q11881923	ar
1	2	العمارة	Q11881923	ar
2	1	أهداف المتحف	Q11881923	ar
2	2	الهندسة المعمارية	Q11881923	ar
3	1	مجموعات المتحف	Q11881923	ar
3	2	معارض	Q11881923	ar
0	1	موقعه	Q1665109	ar
0	2	التأسيس	Q1665109	ar
1	1	المجموعة	Q1665109	ar
1	2	العمارة	Q1665109	ar
2	1	أهداف المتحف	Q1665109	ar
2	2	الهندسة المعمارية	Q1665109	ar
3	1	مجموعات المتحف	Q1665109	ar
3	2	معارض	Q1665109	ar
0	1	موقعه	Q1624722	ar
0	2	التأسيس	Q1624722	ar
1	1	المجموعة	Q1624722	ar
1	2	العمارة	Q1624722	ar
2	1	أهداف المتحف	Q1624722	ar
2	2	الهندسة المعمارية	Q1624722	ar
3	1	مجموعات المتحف	Q1624722	ar
3	2	معارض	Q1624722	ar
0	1	موقعه	Q2973248	ar
0	2	التأسيس	Q2973248	ar
1	1	المجموعة	Q2973248	ar
1	2	العمارة	Q2973248	ar
2	1	أهداف المتحف	Q2973248	ar
2	2	الهندسة المعمارية	Q2973248	ar
3	1	مجموعات المتحف	Q2973248	ar
3	2	معارض	Q2973248	ar
0	1	تاريخ المكتبة	Q61604271	ar
0	2	التأسيس	Q61604271	ar
1	1	أهداف المكتبة	Q61604271	ar
1	2	المكتبة	Q61604271	ar
2	1	أقسامها	Q61604271	ar
2	2	الإفتتاح	Q61604271	ar
3	1	انظر ايضاً	Q61604271	ar
3	2	الخدمات	Q61604271	ar
4	1	الفن المعاصر	Q61604271	ar
4	2	المنشأت	Q61604271	ar
0	1	موقعه	Q58973805	ar
0	2	التأسيس	Q58973805	ar
1	1	المجموعة	Q58973805	ar
1	2	العمارة	Q58973805	ar
2	1	أهداف المتحف	Q58973805	ar
2	2	الهندسة المعمارية	Q58973805	ar
3	1	مجموعات المتحف	Q58973805	ar
3	2	معارض	Q58973805	ar
0	1	تاريخ المكتبة	Q948882	ar
0	2	التأسيس	Q948882	ar
1	1	أهداف المكتبة	Q948882	ar
1	2	المكتبة	Q948882	ar
2	1	أقسامها	Q948882	ar
2	2	الإفتتاح	Q948882	ar
3	1	انظر ايضاً	Q948882	ar
3	2	الخدمات	Q948882	ar
4	1	الفن المعاصر	Q948882	ar
4	2	المنشأت	Q948882	ar
0	1	تاريخ المكتبة	Q618340	ar
0	2	التأسيس	Q618340	ar
1	1	أهداف المكتبة	Q618340	ar
1	2	المكتبة	Q618340	ar
2	1	أقسامها	Q618340	ar
2	2	الإفتتاح	Q618340	ar
3	1	انظر ايضاً	Q618340	ar
3	2	الخدمات	Q618340	ar
4	1	الفن المعاصر	Q618340	ar
4	2	المنشأت	Q618340	ar
0	1	تاريخ المكتبة	Q675617	ar
0	2	التأسيس	Q675617	ar
1	1	أهداف المكتبة	Q675617	ar
1	2	المكتبة	Q675617	ar
2	1	أقسامها	Q675617	ar
2	2	الإفتتاح	Q675617	ar
3	1	انظر ايضاً	Q675617	ar
3	2	الخدمات	Q675617	ar
4	1	الفن المعاصر	Q675617	ar
4	2	المنشأت	Q675617	ar
0	1	تاريخ المكتبة	Q622012	ar
0	2	التأسيس	Q622012	ar
1	1	أهداف المكتبة	Q622012	ar
1	2	المكتبة	Q622012	ar
2	1	أقسامها	Q622012	ar
2	2	الإفتتاح	Q622012	ar
3	1	انظر ايضاً	Q622012	ar
3	2	الخدمات	Q622012	ar
4	1	الفن المعاصر	Q622012	ar
4	2	المنشأت	Q622012	ar
0	1	تاريخ المكتبة	Q495005	ar
0	2	التأسيس	Q495005	ar
1	1	أهداف المكتبة	Q495005	ar
1	2	المكتبة	Q495005	ar
2	1	أقسامها	Q495005	ar
2	2	الإفتتاح	Q495005	ar
3	1	انظر ايضاً	Q495005	ar
3	2	الخدمات	Q495005	ar
4	1	الفن المعاصر	Q495005	ar
4	2	المنشأت	Q495005	ar
0	1	تاريخ المكتبة	Q245966	ar
0	2	التأسيس	Q245966	ar
1	1	أهداف المكتبة	Q245966	ar
1	2	المكتبة	Q245966	ar
2	1	أقسامها	Q245966	ar
2	2	الإفتتاح	Q245966	ar
3	1	انظر ايضاً	Q245966	ar
3	2	الخدمات	Q245966	ar
4	1	الفن المعاصر	Q245966	ar
4	2	المنشأت	Q245966	ar
0	1	تاريخ المكتبة	Q201787	ar
0	2	التأسيس	Q201787	ar
1	1	أهداف المكتبة	Q201787	ar
1	2	المكتبة	Q201787	ar
2	1	أقسامها	Q201787	ar
2	2	الإفتتاح	Q201787	ar
3	1	انظر ايضاً	Q201787	ar
3	2	الخدمات	Q201787	ar
4	1	الفن المعاصر	Q201787	ar
4	2	المنشأت	Q201787	ar
0	1	تاريخ المكتبة	Q14563947	ar
0	2	التأسيس	Q14563947	ar
1	1	أهداف المكتبة	Q14563947	ar
1	2	المكتبة	Q14563947	ar
2	1	أقسامها	Q14563947	ar
2	2	الإفتتاح	Q14563947	ar
3	1	انظر ايضاً	Q14563947	ar
3	2	الخدمات	Q14563947	ar
4	1	الفن المعاصر	Q14563947	ar
4	2	المنشأت	Q14563947	ar
0	1	تاريخ المكتبة	Q16256913	ar
0	2	التأسيس	Q16256913	ar
1	1	أهداف المكتبة	Q16256913	ar
1	2	المكتبة	Q16256913	ar
2	1	أقسامها	Q16256913	ar
2	2	الإفتتاح	Q16256913	ar
3	1	انظر ايضاً	Q16256913	ar
3	2	الخدمات	Q16256913	ar
4	1	الفن المعاصر	Q16256913	ar
4	2	المنشأت	Q16256913	ar
0	1	تاريخ المكتبة	Q390375	ar
0	2	التأسيس	Q390375	ar
1	1	أهداف المكتبة	Q390375	ar
1	2	المكتبة	Q390375	ar
2	1	أقسامها	Q390375	ar
2	2	الإفتتاح	Q390375	ar
3	1	انظر ايضاً	Q390375	ar
3	2	الخدمات	Q390375	ar
4	1	الفن المعاصر	Q390375	ar
4	2	المنشأت	Q390375	ar
0	1	تاريخ المكتبة	Q42800691	ar
0	2	التأسيس	Q42800691	ar
1	1	أهداف المكتبة	Q42800691	ar
1	2	المكتبة	Q42800691	ar
2	1	أقسامها	Q42800691	ar
2	2	الإفتتاح	Q42800691	ar
3	1	انظر ايضاً	Q42800691	ar
3	2	الخدمات	Q42800691	ar
4	1	الفن المعاصر	Q42800691	ar
4	2	المنشأت	Q42800691	ar
0	1	تاريخ المكتبة	Q57313411	ar
0	2	التأسيس	Q57313411	ar
1	1	أهداف المكتبة	Q57313411	ar
1	2	المكتبة	Q57313411	ar
2	1	أقسامها	Q57313411	ar
2	2	الإفتتاح	Q57313411	ar
3	1	انظر ايضاً	Q57313411	ar
3	2	الخدمات	Q57313411	ar
4	1	الفن المعاصر	Q57313411	ar
4	2	المنشأت	Q57313411	ar
0	1	تاريخ المكتبة	Q913250	ar
0	2	التأسيس	Q913250	ar
1	1	أهداف المكتبة	Q913250	ar
1	2	المكتبة	Q913250	ar
2	1	أقسامها	Q913250	ar
2	2	الإفتتاح	Q913250	ar
3	1	انظر ايضاً	Q913250	ar
3	2	الخدمات	Q913250	ar
4	1	الفن المعاصر	Q913250	ar
4	2	المنشأت	Q913250	ar
0	1	تاريخ المكتبة	Q564578	ar
0	2	التأسيس	Q564578	ar
1	1	أهداف المكتبة	Q564578	ar
1	2	المكتبة	Q564578	ar
2	1	أقسامها	Q564578	ar
2	2	الإفتتاح	Q564578	ar
3	1	انظر ايضاً	Q564578	ar
3	2	الخدمات	Q564578	ar
4	1	الفن المعاصر	Q564578	ar
4	2	المنشأت	Q564578	ar
0	1	تاريخ المكتبة	Q924551	ar
0	2	التأسيس	Q924551	ar
1	1	أهداف المكتبة	Q924551	ar
1	2	المكتبة	Q924551	ar
2	1	أقسامها	Q924551	ar
2	2	الإفتتاح	Q924551	ar
3	1	انظر ايضاً	Q924551	ar
3	2	الخدمات	Q924551	ar
4	1	الفن المعاصر	Q924551	ar
4	2	المنشأت	Q924551	ar
0	1	تاريخ المكتبة	Q1063819	ar
0	2	التأسيس	Q1063819	ar
1	1	أهداف المكتبة	Q1063819	ar
1	2	المكتبة	Q1063819	ar
2	1	أقسامها	Q1063819	ar
2	2	الإفتتاح	Q1063819	ar
3	1	انظر ايضاً	Q1063819	ar
3	2	الخدمات	Q1063819	ar
4	1	الفن المعاصر	Q1063819	ar
4	2	المنشأت	Q1063819	ar
0	1	تاريخ المكتبة	Q620899	ar
0	2	التأسيس	Q620899	ar
1	1	أهداف المكتبة	Q620899	ar
1	2	المكتبة	Q620899	ar
2	1	أقسامها	Q620899	ar
2	2	الإفتتاح	Q620899	ar
3	1	انظر ايضاً	Q620899	ar
3	2	الخدمات	Q620899	ar
4	1	الفن المعاصر	Q620899	ar
4	2	المنشأت	Q620899	ar
0	1	تاريخ المكتبة	Q18088545	ar
0	2	التأسيس	Q18088545	ar
1	1	أهداف المكتبة	Q18088545	ar
1	2	المكتبة	Q18088545	ar
2	1	أقسامها	Q18088545	ar
2	2	الإفتتاح	Q18088545	ar
3	1	انظر ايضاً	Q18088545	ar
3	2	الخدمات	Q18088545	ar
4	1	الفن المعاصر	Q18088545	ar
4	2	المنشأت	Q18088545	ar
0	1	تاريخ المكتبة	Q392703	ar
0	2	التأسيس	Q392703	ar
1	1	أهداف المكتبة	Q392703	ar
1	2	المكتبة	Q392703	ar
2	1	أقسامها	Q392703	ar
2	2	الإفتتاح	Q392703	ar
3	1	انظر ايضاً	Q392703	ar
3	2	الخدمات	Q392703	ar
4	1	الفن المعاصر	Q392703	ar
4	2	المنشأت	Q392703	ar
0	1	تاريخ المكتبة	Q565155	ar
0	2	التأسيس	Q565155	ar
1	1	أهداف المكتبة	Q565155	ar
1	2	المكتبة	Q565155	ar
2	1	أقسامها	Q565155	ar
2	2	الإفتتاح	Q565155	ar
3	1	انظر ايضاً	Q565155	ar
3	2	الخدمات	Q565155	ar
4	1	الفن المعاصر	Q565155	ar
4	2	المنشأت	Q565155	ar
0	1	تاريخ المكتبة	Q5495070	ar
0	2	التأسيس	Q5495070	ar
1	1	أهداف المكتبة	Q5495070	ar
1	2	المكتبة	Q5495070	ar
2	1	أقسامها	Q5495070	ar
2	2	الإفتتاح	Q5495070	ar
3	1	انظر ايضاً	Q5495070	ar
3	2	الخدمات	Q5495070	ar
4	1	الفن المعاصر	Q5495070	ar
4	2	المنشأت	Q5495070	ar
0	1	تاريخ المكتبة	Q19406829	ar
0	2	التأسيس	Q19406829	ar
1	1	أهداف المكتبة	Q19406829	ar
1	2	المكتبة	Q19406829	ar
2	1	أقسامها	Q19406829	ar
2	2	الإفتتاح	Q19406829	ar
3	1	انظر ايضاً	Q19406829	ar
3	2	الخدمات	Q19406829	ar
4	1	الفن المعاصر	Q19406829	ar
4	2	المنشأت	Q19406829	ar
0	1	تاريخ المكتبة	Q8247531	ar
0	2	التأسيس	Q8247531	ar
1	1	أهداف المكتبة	Q8247531	ar
1	2	المكتبة	Q8247531	ar
2	1	أقسامها	Q8247531	ar
2	2	الإفتتاح	Q8247531	ar
3	1	انظر ايضاً	Q8247531	ar
3	2	الخدمات	Q8247531	ar
4	1	الفن المعاصر	Q8247531	ar
4	2	المنشأت	Q8247531	ar
0	1	موقعه	Q4785393	ar
0	2	التأسيس	Q4785393	ar
1	1	المجموعة	Q4785393	ar
1	2	العمارة	Q4785393	ar
2	1	أهداف المتحف	Q4785393	ar
2	2	الهندسة المعمارية	Q4785393	ar
3	1	مجموعات المتحف	Q4785393	ar
3	2	معارض	Q4785393	ar
0	1	تاريخ المكتبة	Q1635759	ar
0	2	التأسيس	Q1635759	ar
1	1	أهداف المكتبة	Q1635759	ar
1	2	المكتبة	Q1635759	ar
2	1	أقسامها	Q1635759	ar
2	2	الإفتتاح	Q1635759	ar
3	1	انظر ايضاً	Q1635759	ar
3	2	الخدمات	Q1635759	ar
4	1	الفن المعاصر	Q1635759	ar
4	2	المنشأت	Q1635759	ar
0	1	موقعه	Q56115644	ar
0	2	التأسيس	Q56115644	ar
1	1	المجموعة	Q56115644	ar
1	2	العمارة	Q56115644	ar
2	1	أهداف المتحف	Q56115644	ar
2	2	الهندسة المعمارية	Q56115644	ar
3	1	مجموعات المتحف	Q56115644	ar
3	2	معارض	Q56115644	ar
0	1	موقعه	Q57395129	ar
0	2	التأسيس	Q57395129	ar
1	1	المجموعة	Q57395129	ar
1	2	العمارة	Q57395129	ar
2	1	أهداف المتحف	Q57395129	ar
2	2	الهندسة المعمارية	Q57395129	ar
3	1	مجموعات المتحف	Q57395129	ar
3	2	معارض	Q57395129	ar
0	1	موقعه	Q258851	ar
0	2	التأسيس	Q258851	ar
1	1	المجموعة	Q258851	ar
1	2	العمارة	Q258851	ar
2	1	أهداف المتحف	Q258851	ar
2	2	الهندسة المعمارية	Q258851	ar
3	1	مجموعات المتحف	Q258851	ar
3	2	معارض	Q258851	ar
0	1	موقعه	Q1666611	ar
0	2	التأسيس	Q1666611	ar
1	1	المجموعة	Q1666611	ar
1	2	العمارة	Q1666611	ar
2	1	أهداف المتحف	Q1666611	ar
2	2	الهندسة المعمارية	Q1666611	ar
3	1	مجموعات المتحف	Q1666611	ar
3	2	معارض	Q1666611	ar
0	1	موقعه	Q1087567	ar
0	2	التأسيس	Q1087567	ar
1	1	المجموعة	Q1087567	ar
1	2	العمارة	Q1087567	ar
2	1	أهداف المتحف	Q1087567	ar
2	2	الهندسة المعمارية	Q1087567	ar
3	1	مجموعات المتحف	Q1087567	ar
3	2	معارض	Q1087567	ar
0	1	موقعه	Q3517652	ar
0	2	التأسيس	Q3517652	ar
1	1	المجموعة	Q3517652	ar
1	2	العمارة	Q3517652	ar
2	1	أهداف المتحف	Q3517652	ar
2	2	الهندسة المعمارية	Q3517652	ar
3	1	مجموعات المتحف	Q3517652	ar
3	2	معارض	Q3517652	ar
0	1	موقعه	Q1330014	ar
0	2	التأسيس	Q1330014	ar
1	1	المجموعة	Q1330014	ar
1	2	العمارة	Q1330014	ar
2	1	أهداف المتحف	Q1330014	ar
2	2	الهندسة المعمارية	Q1330014	ar
3	1	مجموعات المتحف	Q1330014	ar
3	2	معارض	Q1330014	ar
0	1	موقعه	Q4708602	ar
0	2	التأسيس	Q4708602	ar
1	1	المجموعة	Q4708602	ar
1	2	العمارة	Q4708602	ar
2	1	أهداف المتحف	Q4708602	ar
2	2	الهندسة المعمارية	Q4708602	ar
3	1	مجموعات المتحف	Q4708602	ar
3	2	معارض	Q4708602	ar
0	1	موقعه	Q4835326	ar
0	2	التأسيس	Q4835326	ar
1	1	المجموعة	Q4835326	ar
1	2	العمارة	Q4835326	ar
2	1	أهداف المتحف	Q4835326	ar
2	2	الهندسة المعمارية	Q4835326	ar
3	1	مجموعات المتحف	Q4835326	ar
3	2	معارض	Q4835326	ar
0	1	موقعه	Q5461603	ar
0	2	التأسيس	Q5461603	ar
1	1	المجموعة	Q5461603	ar
1	2	العمارة	Q5461603	ar
2	1	أهداف المتحف	Q5461603	ar
2	2	الهندسة المعمارية	Q5461603	ar
3	1	مجموعات المتحف	Q5461603	ar
3	2	معارض	Q5461603	ar
0	1	موقعه	Q778412	ar
0	2	التأسيس	Q778412	ar
1	1	المجموعة	Q778412	ar
1	2	العمارة	Q778412	ar
2	1	أهداف المتحف	Q778412	ar
2	2	الهندسة المعمارية	Q778412	ar
3	1	مجموعات المتحف	Q778412	ar
3	2	معارض	Q778412	ar
0	1	موقعه	Q6023065	ar
0	2	التأسيس	Q6023065	ar
1	1	المجموعة	Q6023065	ar
1	2	العمارة	Q6023065	ar
2	1	أهداف المتحف	Q6023065	ar
2	2	الهندسة المعمارية	Q6023065	ar
3	1	مجموعات المتحف	Q6023065	ar
3	2	معارض	Q6023065	ar
0	1	موقعه	Q6689281	ar
0	2	التأسيس	Q6689281	ar
1	1	المجموعة	Q6689281	ar
1	2	العمارة	Q6689281	ar
2	1	أهداف المتحف	Q6689281	ar
2	2	الهندسة المعمارية	Q6689281	ar
3	1	مجموعات المتحف	Q6689281	ar
3	2	معارض	Q6689281	ar
0	1	موقعه	Q7006111	ar
0	2	التأسيس	Q7006111	ar
1	1	المجموعة	Q7006111	ar
1	2	العمارة	Q7006111	ar
2	1	أهداف المتحف	Q7006111	ar
2	2	الهندسة المعمارية	Q7006111	ar
3	1	مجموعات المتحف	Q7006111	ar
3	2	معارض	Q7006111	ar
0	1	موقعه	Q5253352	ar
0	2	التأسيس	Q5253352	ar
1	1	المجموعة	Q5253352	ar
1	2	العمارة	Q5253352	ar
2	1	أهداف المتحف	Q5253352	ar
2	2	الهندسة المعمارية	Q5253352	ar
3	1	مجموعات المتحف	Q5253352	ar
3	2	معارض	Q5253352	ar
0	1	موقعه	Q3336862	ar
0	2	التأسيس	Q3336862	ar
1	1	المجموعة	Q3336862	ar
1	2	العمارة	Q3336862	ar
2	1	أهداف المتحف	Q3336862	ar
2	2	الهندسة المعمارية	Q3336862	ar
3	1	مجموعات المتحف	Q3336862	ar
3	2	معارض	Q3336862	ar
0	1	موقعه	Q7064237	ar
0	2	التأسيس	Q7064237	ar
1	1	المجموعة	Q7064237	ar
1	2	العمارة	Q7064237	ar
2	1	أهداف المتحف	Q7064237	ar
2	2	الهندسة المعمارية	Q7064237	ar
3	1	مجموعات المتحف	Q7064237	ar
3	2	معارض	Q7064237	ar
0	1	موقعه	Q799608	ar
0	2	التأسيس	Q799608	ar
1	1	المجموعة	Q799608	ar
1	2	العمارة	Q799608	ar
2	1	أهداف المتحف	Q799608	ar
2	2	الهندسة المعمارية	Q799608	ar
3	1	مجموعات المتحف	Q799608	ar
3	2	معارض	Q799608	ar
0	1	موقعه	Q2038865	ar
0	2	التأسيس	Q2038865	ar
1	1	المجموعة	Q2038865	ar
1	2	العمارة	Q2038865	ar
2	1	أهداف المتحف	Q2038865	ar
2	2	الهندسة المعمارية	Q2038865	ar
3	1	مجموعات المتحف	Q2038865	ar
3	2	معارض	Q2038865	ar
0	1	موقعه	Q7566112	ar
0	2	التأسيس	Q7566112	ar
1	1	المجموعة	Q7566112	ar
1	2	العمارة	Q7566112	ar
2	1	أهداف المتحف	Q7566112	ar
2	2	الهندسة المعمارية	Q7566112	ar
3	1	مجموعات المتحف	Q7566112	ar
3	2	معارض	Q7566112	ar
0	1	موقعه	Q1136687	ar
0	2	التأسيس	Q1136687	ar
1	1	المجموعة	Q1136687	ar
1	2	العمارة	Q1136687	ar
2	1	أهداف المتحف	Q1136687	ar
2	2	الهندسة المعمارية	Q1136687	ar
3	1	مجموعات المتحف	Q1136687	ar
3	2	معارض	Q1136687	ar
0	1	موقعه	Q6064592	ar
0	2	التأسيس	Q6064592	ar
1	1	المجموعة	Q6064592	ar
1	2	العمارة	Q6064592	ar
2	1	أهداف المتحف	Q6064592	ar
2	2	الهندسة المعمارية	Q6064592	ar
3	1	مجموعات المتحف	Q6064592	ar
3	2	معارض	Q6064592	ar
0	1	موقعه	Q1134380	ar
0	2	التأسيس	Q1134380	ar
1	1	المجموعة	Q1134380	ar
1	2	العمارة	Q1134380	ar
2	1	أهداف المتحف	Q1134380	ar
2	2	الهندسة المعمارية	Q1134380	ar
3	1	مجموعات المتحف	Q1134380	ar
3	2	معارض	Q1134380	ar
0	1	موقعه	Q5020989	ar
0	2	التأسيس	Q5020989	ar
1	1	المجموعة	Q5020989	ar
1	2	العمارة	Q5020989	ar
2	1	أهداف المتحف	Q5020989	ar
2	2	الهندسة المعمارية	Q5020989	ar
3	1	مجموعات المتحف	Q5020989	ar
3	2	معارض	Q5020989	ar
0	1	موقعه	Q747833	ar
0	2	التأسيس	Q747833	ar
1	1	المجموعة	Q747833	ar
1	2	العمارة	Q747833	ar
2	1	أهداف المتحف	Q747833	ar
2	2	الهندسة المعمارية	Q747833	ar
3	1	مجموعات المتحف	Q747833	ar
3	2	معارض	Q747833	ar
0	1	موقعه	Q1572509	ar
0	2	التأسيس	Q1572509	ar
1	1	المجموعة	Q1572509	ar
1	2	العمارة	Q1572509	ar
2	1	أهداف المتحف	Q1572509	ar
2	2	الهندسة المعمارية	Q1572509	ar
3	1	مجموعات المتحف	Q1572509	ar
3	2	معارض	Q1572509	ar
0	1	موقعه	Q6879711	ar
0	2	التأسيس	Q6879711	ar
1	1	المجموعة	Q6879711	ar
1	2	العمارة	Q6879711	ar
2	1	أهداف المتحف	Q6879711	ar
2	2	الهندسة المعمارية	Q6879711	ar
3	1	مجموعات المتحف	Q6879711	ar
3	2	معارض	Q6879711	ar
0	1	موقعه	Q7201222	ar
0	2	التأسيس	Q7201222	ar
1	1	المجموعة	Q7201222	ar
1	2	العمارة	Q7201222	ar
2	1	أهداف المتحف	Q7201222	ar
2	2	الهندسة المعمارية	Q7201222	ar
3	1	مجموعات المتحف	Q7201222	ar
3	2	معارض	Q7201222	ar
0	1	موقعه	Q10386094	ar
0	2	التأسيس	Q10386094	ar
1	1	المجموعة	Q10386094	ar
1	2	العمارة	Q10386094	ar
2	1	أهداف المتحف	Q10386094	ar
2	2	الهندسة المعمارية	Q10386094	ar
3	1	مجموعات المتحف	Q10386094	ar
3	2	معارض	Q10386094	ar
0	1	موقعه	Q6979466	ar
0	2	التأسيس	Q6979466	ar
1	1	المجموعة	Q6979466	ar
1	2	العمارة	Q6979466	ar
2	1	أهداف المتحف	Q6979466	ar
2	2	الهندسة المعمارية	Q6979466	ar
3	1	مجموعات المتحف	Q6979466	ar
3	2	معارض	Q6979466	ar
0	1	موقعه	Q6365057	ar
0	2	التأسيس	Q6365057	ar
1	1	المجموعة	Q6365057	ar
1	2	العمارة	Q6365057	ar
2	1	أهداف المتحف	Q6365057	ar
2	2	الهندسة المعمارية	Q6365057	ar
3	1	مجموعات المتحف	Q6365057	ar
3	2	معارض	Q6365057	ar
0	1	موقعه	Q11990944	ar
0	2	التأسيس	Q11990944	ar
1	1	المجموعة	Q11990944	ar
1	2	العمارة	Q11990944	ar
2	1	أهداف المتحف	Q11990944	ar
2	2	الهندسة المعمارية	Q11990944	ar
3	1	مجموعات المتحف	Q11990944	ar
3	2	معارض	Q11990944	ar
0	1	موقعه	Q6879312	ar
0	2	التأسيس	Q6879312	ar
1	1	المجموعة	Q6879312	ar
1	2	العمارة	Q6879312	ar
2	1	أهداف المتحف	Q6879312	ar
2	2	الهندسة المعمارية	Q6879312	ar
3	1	مجموعات المتحف	Q6879312	ar
3	2	معارض	Q6879312	ar
0	1	موقعه	Q744713	ar
0	2	التأسيس	Q744713	ar
1	1	المجموعة	Q744713	ar
1	2	العمارة	Q744713	ar
2	1	أهداف المتحف	Q744713	ar
2	2	الهندسة المعمارية	Q744713	ar
3	1	مجموعات المتحف	Q744713	ar
3	2	معارض	Q744713	ar
0	1	موقعه	Q4705325	ar
0	2	التأسيس	Q4705325	ar
1	1	المجموعة	Q4705325	ar
1	2	العمارة	Q4705325	ar
2	1	أهداف المتحف	Q4705325	ar
2	2	الهندسة المعمارية	Q4705325	ar
3	1	مجموعات المتحف	Q4705325	ar
3	2	معارض	Q4705325	ar
0	1	موقعه	Q5547739	ar
0	2	التأسيس	Q5547739	ar
1	1	المجموعة	Q5547739	ar
1	2	العمارة	Q5547739	ar
2	1	أهداف المتحف	Q5547739	ar
2	2	الهندسة المعمارية	Q5547739	ar
3	1	مجموعات المتحف	Q5547739	ar
3	2	معارض	Q5547739	ar
0	1	موقعه	Q3362502	ar
0	2	التأسيس	Q3362502	ar
1	1	المجموعة	Q3362502	ar
1	2	العمارة	Q3362502	ar
2	1	أهداف المتحف	Q3362502	ar
2	2	الهندسة المعمارية	Q3362502	ar
3	1	مجموعات المتحف	Q3362502	ar
3	2	معارض	Q3362502	ar
0	1	موقعه	Q373374	ar
0	2	التأسيس	Q373374	ar
1	1	المجموعة	Q373374	ar
1	2	العمارة	Q373374	ar
2	1	أهداف المتحف	Q373374	ar
2	2	الهندسة المعمارية	Q373374	ar
3	1	مجموعات المتحف	Q373374	ar
3	2	معارض	Q373374	ar
0	1	موقعه	Q607607	ar
0	2	التأسيس	Q607607	ar
1	1	المجموعة	Q607607	ar
1	2	العمارة	Q607607	ar
2	1	أهداف المتحف	Q607607	ar
2	2	الهندسة المعمارية	Q607607	ar
3	1	مجموعات المتحف	Q607607	ar
3	2	معارض	Q607607	ar
0	1	موقعه	Q4711825	ar
0	2	التأسيس	Q4711825	ar
1	1	المجموعة	Q4711825	ar
1	2	العمارة	Q4711825	ar
2	1	أهداف المتحف	Q4711825	ar
2	2	الهندسة المعمارية	Q4711825	ar
3	1	مجموعات المتحف	Q4711825	ar
3	2	معارض	Q4711825	ar
0	1	موقعه	Q6750158	ar
0	2	التأسيس	Q6750158	ar
1	1	المجموعة	Q6750158	ar
1	2	العمارة	Q6750158	ar
2	1	أهداف المتحف	Q6750158	ar
2	2	الهندسة المعمارية	Q6750158	ar
3	1	مجموعات المتحف	Q6750158	ar
3	2	معارض	Q6750158	ar
0	1	موقعه	Q7934524	ar
0	2	التأسيس	Q7934524	ar
1	1	المجموعة	Q7934524	ar
1	2	العمارة	Q7934524	ar
2	1	أهداف المتحف	Q7934524	ar
2	2	الهندسة المعمارية	Q7934524	ar
3	1	مجموعات المتحف	Q7934524	ar
3	2	معارض	Q7934524	ar
0	1	موقعه	Q13954816	ar
0	2	التأسيس	Q13954816	ar
1	1	المجموعة	Q13954816	ar
1	2	العمارة	Q13954816	ar
2	1	أهداف المتحف	Q13954816	ar
2	2	الهندسة المعمارية	Q13954816	ar
3	1	مجموعات المتحف	Q13954816	ar
3	2	معارض	Q13954816	ar
0	1	موقعه	Q52454	ar
0	2	التأسيس	Q52454	ar
1	1	المجموعة	Q52454	ar
1	2	العمارة	Q52454	ar
2	1	أهداف المتحف	Q52454	ar
2	2	الهندسة المعمارية	Q52454	ar
3	1	مجموعات المتحف	Q52454	ar
3	2	معارض	Q52454	ar
0	1	موقعه	Q5030563	ar
0	2	التأسيس	Q5030563	ar
1	1	المجموعة	Q5030563	ar
1	2	العمارة	Q5030563	ar
2	1	أهداف المتحف	Q5030563	ar
2	2	الهندسة المعمارية	Q5030563	ar
3	1	مجموعات المتحف	Q5030563	ar
3	2	معارض	Q5030563	ar
0	1	موقعه	Q15271575	ar
0	2	التأسيس	Q15271575	ar
1	1	المجموعة	Q15271575	ar
1	2	العمارة	Q15271575	ar
2	1	أهداف المتحف	Q15271575	ar
2	2	الهندسة المعمارية	Q15271575	ar
3	1	مجموعات المتحف	Q15271575	ar
3	2	معارض	Q15271575	ar
0	1	موقعه	Q29641910	ar
0	2	التأسيس	Q29641910	ar
1	1	المجموعة	Q29641910	ar
1	2	العمارة	Q29641910	ar
2	1	أهداف المتحف	Q29641910	ar
2	2	الهندسة المعمارية	Q29641910	ar
3	1	مجموعات المتحف	Q29641910	ar
3	2	معارض	Q29641910	ar
0	1	موقعه	Q30680644	ar
0	2	التأسيس	Q30680644	ar
1	1	المجموعة	Q30680644	ar
1	2	العمارة	Q30680644	ar
2	1	أهداف المتحف	Q30680644	ar
2	2	الهندسة المعمارية	Q30680644	ar
3	1	مجموعات المتحف	Q30680644	ar
3	2	معارض	Q30680644	ar
0	1	موقعه	Q5148916	ar
0	2	التأسيس	Q5148916	ar
1	1	المجموعة	Q5148916	ar
1	2	العمارة	Q5148916	ar
2	1	أهداف المتحف	Q5148916	ar
2	2	الهندسة المعمارية	Q5148916	ar
3	1	مجموعات المتحف	Q5148916	ar
3	2	معارض	Q5148916	ar
0	1	موقعه	Q41655480	ar
0	2	التأسيس	Q41655480	ar
1	1	المجموعة	Q41655480	ar
1	2	العمارة	Q41655480	ar
2	1	أهداف المتحف	Q41655480	ar
2	2	الهندسة المعمارية	Q41655480	ar
3	1	مجموعات المتحف	Q41655480	ar
3	2	معارض	Q41655480	ar
0	1	موقعه	Q41822070	ar
0	2	التأسيس	Q41822070	ar
1	1	المجموعة	Q41822070	ar
1	2	العمارة	Q41822070	ar
2	1	أهداف المتحف	Q41822070	ar
2	2	الهندسة المعمارية	Q41822070	ar
3	1	مجموعات المتحف	Q41822070	ar
3	2	معارض	Q41822070	ar
0	1	موقعه	Q29075731	ar
0	2	التأسيس	Q29075731	ar
1	1	المجموعة	Q29075731	ar
1	2	العمارة	Q29075731	ar
2	1	أهداف المتحف	Q29075731	ar
2	2	الهندسة المعمارية	Q29075731	ar
3	1	مجموعات المتحف	Q29075731	ar
3	2	معارض	Q29075731	ar
0	1	موقعه	Q28162655	ar
0	2	التأسيس	Q28162655	ar
1	1	المجموعة	Q28162655	ar
1	2	العمارة	Q28162655	ar
2	1	أهداف المتحف	Q28162655	ar
2	2	الهندسة المعمارية	Q28162655	ar
3	1	مجموعات المتحف	Q28162655	ar
3	2	معارض	Q28162655	ar
0	1	موقعه	Q18128982	ar
0	2	التأسيس	Q18128982	ar
1	1	المجموعة	Q18128982	ar
1	2	العمارة	Q18128982	ar
2	1	أهداف المتحف	Q18128982	ar
2	2	الهندسة المعمارية	Q18128982	ar
3	1	مجموعات المتحف	Q18128982	ar
3	2	معارض	Q18128982	ar
0	1	موقعه	Q56056966	ar
0	2	التأسيس	Q56056966	ar
1	1	المجموعة	Q56056966	ar
1	2	العمارة	Q56056966	ar
2	1	أهداف المتحف	Q56056966	ar
2	2	الهندسة المعمارية	Q56056966	ar
3	1	مجموعات المتحف	Q56056966	ar
3	2	معارض	Q56056966	ar
0	1	موقعه	Q41628143	ar
0	2	التأسيس	Q41628143	ar
1	1	المجموعة	Q41628143	ar
1	2	العمارة	Q41628143	ar
2	1	أهداف المتحف	Q41628143	ar
2	2	الهندسة المعمارية	Q41628143	ar
3	1	مجموعات المتحف	Q41628143	ar
3	2	معارض	Q41628143	ar
0	1	موقعه	Q36948990	ar
0	2	التأسيس	Q36948990	ar
1	1	المجموعة	Q36948990	ar
1	2	العمارة	Q36948990	ar
2	1	أهداف المتحف	Q36948990	ar
2	2	الهندسة المعمارية	Q36948990	ar
3	1	مجموعات المتحف	Q36948990	ar
3	2	معارض	Q36948990	ar
0	1	موقعه	Q43839580	ar
0	2	التأسيس	Q43839580	ar
1	1	المجموعة	Q43839580	ar
1	2	العمارة	Q43839580	ar
2	1	أهداف المتحف	Q43839580	ar
2	2	الهندسة المعمارية	Q43839580	ar
3	1	مجموعات المتحف	Q43839580	ar
3	2	معارض	Q43839580	ar
0	1	موقعه	Q1094302	ar
0	2	التأسيس	Q1094302	ar
1	1	المجموعة	Q1094302	ar
1	2	العمارة	Q1094302	ar
2	1	أهداف المتحف	Q1094302	ar
2	2	الهندسة المعمارية	Q1094302	ar
3	1	مجموعات المتحف	Q1094302	ar
3	2	معارض	Q1094302	ar
0	1	موقعه	Q337224	ar
0	2	التأسيس	Q337224	ar
1	1	المجموعة	Q337224	ar
1	2	العمارة	Q337224	ar
2	1	أهداف المتحف	Q337224	ar
2	2	الهندسة المعمارية	Q337224	ar
3	1	مجموعات المتحف	Q337224	ar
3	2	معارض	Q337224	ar
0	1	موقعه	Q3280225	ar
0	2	التأسيس	Q3280225	ar
1	1	المجموعة	Q3280225	ar
1	2	العمارة	Q3280225	ar
2	1	أهداف المتحف	Q3280225	ar
2	2	الهندسة المعمارية	Q3280225	ar
3	1	مجموعات المتحف	Q3280225	ar
3	2	معارض	Q3280225	ar
0	1	موقعه	Q2874177	ar
0	2	التأسيس	Q2874177	ar
1	1	المجموعة	Q2874177	ar
1	2	العمارة	Q2874177	ar
2	1	أهداف المتحف	Q2874177	ar
2	2	الهندسة المعمارية	Q2874177	ar
3	1	مجموعات المتحف	Q2874177	ar
3	2	معارض	Q2874177	ar
0	1	موقعه	Q1129820	ar
0	2	التأسيس	Q1129820	ar
1	1	المجموعة	Q1129820	ar
1	2	العمارة	Q1129820	ar
2	1	أهداف المتحف	Q1129820	ar
2	2	الهندسة المعمارية	Q1129820	ar
3	1	مجموعات المتحف	Q1129820	ar
3	2	معارض	Q1129820	ar
0	1	موقعه	Q2157822	ar
0	2	التأسيس	Q2157822	ar
1	1	المجموعة	Q2157822	ar
1	2	العمارة	Q2157822	ar
2	1	أهداف المتحف	Q2157822	ar
2	2	الهندسة المعمارية	Q2157822	ar
3	1	مجموعات المتحف	Q2157822	ar
3	2	معارض	Q2157822	ar
0	1	موقعه	Q3182302	ar
0	2	التأسيس	Q3182302	ar
1	1	المجموعة	Q3182302	ar
1	2	العمارة	Q3182302	ar
2	1	أهداف المتحف	Q3182302	ar
2	2	الهندسة المعمارية	Q3182302	ar
3	1	مجموعات المتحف	Q3182302	ar
3	2	معارض	Q3182302	ar
0	1	موقعه	Q390003	ar
0	2	التأسيس	Q390003	ar
1	1	المجموعة	Q390003	ar
1	2	العمارة	Q390003	ar
2	1	أهداف المتحف	Q390003	ar
2	2	الهندسة المعمارية	Q390003	ar
3	1	مجموعات المتحف	Q390003	ar
3	2	معارض	Q390003	ar
0	1	موقعه	Q535586	ar
0	2	التأسيس	Q535586	ar
1	1	المجموعة	Q535586	ar
1	2	العمارة	Q535586	ar
2	1	أهداف المتحف	Q535586	ar
2	2	الهندسة المعمارية	Q535586	ar
3	1	مجموعات المتحف	Q535586	ar
3	2	معارض	Q535586	ar
0	1	موقعه	Q1400323	ar
0	2	التأسيس	Q1400323	ar
1	1	المجموعة	Q1400323	ar
1	2	العمارة	Q1400323	ar
2	1	أهداف المتحف	Q1400323	ar
2	2	الهندسة المعمارية	Q1400323	ar
3	1	مجموعات المتحف	Q1400323	ar
3	2	معارض	Q1400323	ar
0	1	موقعه	Q1776168	ar
0	2	التأسيس	Q1776168	ar
1	1	المجموعة	Q1776168	ar
1	2	العمارة	Q1776168	ar
2	1	أهداف المتحف	Q1776168	ar
2	2	الهندسة المعمارية	Q1776168	ar
3	1	مجموعات المتحف	Q1776168	ar
3	2	معارض	Q1776168	ar
0	1	موقعه	Q1809071	ar
0	2	التأسيس	Q1809071	ar
1	1	المجموعة	Q1809071	ar
1	2	العمارة	Q1809071	ar
2	1	أهداف المتحف	Q1809071	ar
2	2	الهندسة المعمارية	Q1809071	ar
3	1	مجموعات المتحف	Q1809071	ar
3	2	معارض	Q1809071	ar
0	1	موقعه	Q663764	ar
0	2	التأسيس	Q663764	ar
1	1	المجموعة	Q663764	ar
1	2	العمارة	Q663764	ar
2	1	أهداف المتحف	Q663764	ar
2	2	الهندسة المعمارية	Q663764	ar
3	1	مجموعات المتحف	Q663764	ar
3	2	معارض	Q663764	ar
0	1	موقعه	Q3329706	ar
0	2	التأسيس	Q3329706	ar
1	1	المجموعة	Q3329706	ar
1	2	العمارة	Q3329706	ar
2	1	أهداف المتحف	Q3329706	ar
2	2	الهندسة المعمارية	Q3329706	ar
3	1	مجموعات المتحف	Q3329706	ar
3	2	معارض	Q3329706	ar
0	1	موقعه	Q3330063	ar
0	2	التأسيس	Q3330063	ar
1	1	المجموعة	Q3330063	ar
1	2	العمارة	Q3330063	ar
2	1	أهداف المتحف	Q3330063	ar
2	2	الهندسة المعمارية	Q3330063	ar
3	1	مجموعات المتحف	Q3330063	ar
3	2	معارض	Q3330063	ar
0	1	موقعه	Q3329701	ar
0	2	التأسيس	Q3329701	ar
1	1	المجموعة	Q3329701	ar
1	2	العمارة	Q3329701	ar
2	1	أهداف المتحف	Q3329701	ar
2	2	الهندسة المعمارية	Q3329701	ar
3	1	مجموعات المتحف	Q3329701	ar
3	2	معارض	Q3329701	ar
0	1	موقعه	Q3330723	ar
0	2	التأسيس	Q3330723	ar
1	1	المجموعة	Q3330723	ar
1	2	العمارة	Q3330723	ar
2	1	أهداف المتحف	Q3330723	ar
2	2	الهندسة المعمارية	Q3330723	ar
3	1	مجموعات المتحف	Q3330723	ar
3	2	معارض	Q3330723	ar
0	1	موقعه	Q663776	ar
0	2	التأسيس	Q663776	ar
1	1	المجموعة	Q663776	ar
1	2	العمارة	Q663776	ar
2	1	أهداف المتحف	Q663776	ar
2	2	الهندسة المعمارية	Q663776	ar
3	1	مجموعات المتحف	Q663776	ar
3	2	معارض	Q663776	ar
0	1	موقعه	Q3329633	ar
0	2	التأسيس	Q3329633	ar
1	1	المجموعة	Q3329633	ar
1	2	العمارة	Q3329633	ar
2	1	أهداف المتحف	Q3329633	ar
2	2	الهندسة المعمارية	Q3329633	ar
3	1	مجموعات المتحف	Q3329633	ar
3	2	معارض	Q3329633	ar
0	1	موقعه	Q4306182	ar
0	2	التأسيس	Q4306182	ar
1	1	المجموعة	Q4306182	ar
1	2	العمارة	Q4306182	ar
2	1	أهداف المتحف	Q4306182	ar
2	2	الهندسة المعمارية	Q4306182	ar
3	1	مجموعات المتحف	Q4306182	ar
3	2	معارض	Q4306182	ar
0	1	موقعه	Q2072647	ar
0	2	التأسيس	Q2072647	ar
1	1	المجموعة	Q2072647	ar
1	2	العمارة	Q2072647	ar
2	1	أهداف المتحف	Q2072647	ar
2	2	الهندسة المعمارية	Q2072647	ar
3	1	مجموعات المتحف	Q2072647	ar
3	2	معارض	Q2072647	ar
0	1	موقعه	Q2023744	ar
0	2	التأسيس	Q2023744	ar
1	1	المجموعة	Q2023744	ar
1	2	العمارة	Q2023744	ar
2	1	أهداف المتحف	Q2023744	ar
2	2	الهندسة المعمارية	Q2023744	ar
3	1	مجموعات المتحف	Q2023744	ar
3	2	معارض	Q2023744	ar
0	1	موقعه	Q672751	ar
0	2	التأسيس	Q672751	ar
1	1	المجموعة	Q672751	ar
1	2	العمارة	Q672751	ar
2	1	أهداف المتحف	Q672751	ar
2	2	الهندسة المعمارية	Q672751	ar
3	1	مجموعات المتحف	Q672751	ar
3	2	معارض	Q672751	ar
0	1	موقعه	Q679527	ar
0	2	التأسيس	Q679527	ar
1	1	المجموعة	Q679527	ar
1	2	العمارة	Q679527	ar
2	1	أهداف المتحف	Q679527	ar
2	2	الهندسة المعمارية	Q679527	ar
3	1	مجموعات المتحف	Q679527	ar
3	2	معارض	Q679527	ar
0	1	موقعه	Q756098	ar
0	2	التأسيس	Q756098	ar
1	1	المجموعة	Q756098	ar
1	2	العمارة	Q756098	ar
2	1	أهداف المتحف	Q756098	ar
2	2	الهندسة المعمارية	Q756098	ar
3	1	مجموعات المتحف	Q756098	ar
3	2	معارض	Q756098	ar
0	1	موقعه	Q5046116	ar
0	2	التأسيس	Q5046116	ar
1	1	المجموعة	Q5046116	ar
1	2	العمارة	Q5046116	ar
2	1	أهداف المتحف	Q5046116	ar
2	2	الهندسة المعمارية	Q5046116	ar
3	1	مجموعات المتحف	Q5046116	ar
3	2	معارض	Q5046116	ar
0	1	موقعه	Q3855723	ar
0	2	التأسيس	Q3855723	ar
1	1	المجموعة	Q3855723	ar
1	2	العمارة	Q3855723	ar
2	1	أهداف المتحف	Q3855723	ar
2	2	الهندسة المعمارية	Q3855723	ar
3	1	مجموعات المتحف	Q3855723	ar
3	2	معارض	Q3855723	ar
0	1	موقعه	Q6940969	ar
0	2	التأسيس	Q6940969	ar
1	1	المجموعة	Q6940969	ar
1	2	العمارة	Q6940969	ar
2	1	أهداف المتحف	Q6940969	ar
2	2	الهندسة المعمارية	Q6940969	ar
3	1	مجموعات المتحف	Q6940969	ar
3	2	معارض	Q6940969	ar
0	1	موقعه	Q7881638	ar
0	2	التأسيس	Q7881638	ar
1	1	المجموعة	Q7881638	ar
1	2	العمارة	Q7881638	ar
2	1	أهداف المتحف	Q7881638	ar
2	2	الهندسة المعمارية	Q7881638	ar
3	1	مجموعات المتحف	Q7881638	ar
3	2	معارض	Q7881638	ar
0	1	موقعه	Q3868183	ar
0	2	التأسيس	Q3868183	ar
1	1	المجموعة	Q3868183	ar
1	2	العمارة	Q3868183	ar
2	1	أهداف المتحف	Q3868183	ar
2	2	الهندسة المعمارية	Q3868183	ar
3	1	مجموعات المتحف	Q3868183	ar
3	2	معارض	Q3868183	ar
0	1	موقعه	Q7374509	ar
0	2	التأسيس	Q7374509	ar
1	1	المجموعة	Q7374509	ar
1	2	العمارة	Q7374509	ar
2	1	أهداف المتحف	Q7374509	ar
2	2	الهندسة المعمارية	Q7374509	ar
3	1	مجموعات المتحف	Q7374509	ar
3	2	معارض	Q7374509	ar
0	1	موقعه	Q10275655	ar
0	2	التأسيس	Q10275655	ar
1	1	المجموعة	Q10275655	ar
1	2	العمارة	Q10275655	ar
2	1	أهداف المتحف	Q10275655	ar
2	2	الهندسة المعمارية	Q10275655	ar
3	1	مجموعات المتحف	Q10275655	ar
3	2	معارض	Q10275655	ar
0	1	موقعه	Q7085085	ar
0	2	التأسيس	Q7085085	ar
1	1	المجموعة	Q7085085	ar
1	2	العمارة	Q7085085	ar
2	1	أهداف المتحف	Q7085085	ar
2	2	الهندسة المعمارية	Q7085085	ar
3	1	مجموعات المتحف	Q7085085	ar
3	2	معارض	Q7085085	ar
0	1	موقعه	Q20401860	ar
0	2	التأسيس	Q20401860	ar
1	1	المجموعة	Q20401860	ar
1	2	العمارة	Q20401860	ar
2	1	أهداف المتحف	Q20401860	ar
2	2	الهندسة المعمارية	Q20401860	ar
3	1	مجموعات المتحف	Q20401860	ar
3	2	معارض	Q20401860	ar
0	1	موقعه	Q16327758	ar
0	2	التأسيس	Q16327758	ar
1	1	المجموعة	Q16327758	ar
1	2	العمارة	Q16327758	ar
2	1	أهداف المتحف	Q16327758	ar
2	2	الهندسة المعمارية	Q16327758	ar
3	1	مجموعات المتحف	Q16327758	ar
3	2	معارض	Q16327758	ar
0	1	موقعه	Q20888634	ar
0	2	التأسيس	Q20888634	ar
1	1	المجموعة	Q20888634	ar
1	2	العمارة	Q20888634	ar
2	1	أهداف المتحف	Q20888634	ar
2	2	الهندسة المعمارية	Q20888634	ar
3	1	مجموعات المتحف	Q20888634	ar
3	2	معارض	Q20888634	ar
0	1	موقعه	Q63967838	ar
0	2	التأسيس	Q63967838	ar
1	1	المجموعة	Q63967838	ar
1	2	العمارة	Q63967838	ar
2	1	أهداف المتحف	Q63967838	ar
2	2	الهندسة المعمارية	Q63967838	ar
3	1	مجموعات المتحف	Q63967838	ar
3	2	معارض	Q63967838	ar
0	1	موقعه	Q60786727	ar
0	2	التأسيس	Q60786727	ar
1	1	المجموعة	Q60786727	ar
1	2	العمارة	Q60786727	ar
2	1	أهداف المتحف	Q60786727	ar
2	2	الهندسة المعمارية	Q60786727	ar
3	1	مجموعات المتحف	Q60786727	ar
3	2	معارض	Q60786727	ar
0	1	موقعه	Q66814373	ar
0	2	التأسيس	Q66814373	ar
1	1	المجموعة	Q66814373	ar
1	2	العمارة	Q66814373	ar
2	1	أهداف المتحف	Q66814373	ar
2	2	الهندسة المعمارية	Q66814373	ar
3	1	مجموعات المتحف	Q66814373	ar
3	2	معارض	Q66814373	ar
0	1	موقعه	Q63973129	ar
0	2	التأسيس	Q63973129	ar
1	1	المجموعة	Q63973129	ar
1	2	العمارة	Q63973129	ar
2	1	أهداف المتحف	Q63973129	ar
2	2	الهندسة المعمارية	Q63973129	ar
3	1	مجموعات المتحف	Q63973129	ar
3	2	معارض	Q63973129	ar
0	1	موقعه	Q252430	ar
0	2	التأسيس	Q252430	ar
1	1	المجموعة	Q252430	ar
1	2	العمارة	Q252430	ar
2	1	أهداف المتحف	Q252430	ar
2	2	الهندسة المعمارية	Q252430	ar
3	1	مجموعات المتحف	Q252430	ar
3	2	معارض	Q252430	ar
0	1	موقعه	Q3656204	ar
0	2	التأسيس	Q3656204	ar
1	1	المجموعة	Q3656204	ar
1	2	العمارة	Q3656204	ar
2	1	أهداف المتحف	Q3656204	ar
2	2	الهندسة المعمارية	Q3656204	ar
3	1	مجموعات المتحف	Q3656204	ar
3	2	معارض	Q3656204	ar
0	1	موقعه	Q4689837	ar
0	2	التأسيس	Q4689837	ar
1	1	المجموعة	Q4689837	ar
1	2	العمارة	Q4689837	ar
2	1	أهداف المتحف	Q4689837	ar
2	2	الهندسة المعمارية	Q4689837	ar
3	1	مجموعات المتحف	Q4689837	ar
3	2	معارض	Q4689837	ar
0	1	تاريخ المكتبة	Q3522708	ar
0	2	التأسيس	Q3522708	ar
1	1	أهداف المكتبة	Q3522708	ar
1	2	المكتبة	Q3522708	ar
2	1	أقسامها	Q3522708	ar
2	2	الإفتتاح	Q3522708	ar
3	1	انظر ايضاً	Q3522708	ar
3	2	الخدمات	Q3522708	ar
4	1	الفن المعاصر	Q3522708	ar
4	2	المنشأت	Q3522708	ar
0	1	تاريخ المكتبة	Q2892902	ar
0	2	التأسيس	Q2892902	ar
1	1	أهداف المكتبة	Q2892902	ar
1	2	المكتبة	Q2892902	ar
2	1	أقسامها	Q2892902	ar
2	2	الإفتتاح	Q2892902	ar
3	1	انظر ايضاً	Q2892902	ar
3	2	الخدمات	Q2892902	ar
4	1	الفن المعاصر	Q2892902	ar
4	2	المنشأت	Q2892902	ar
0	1	تاريخ	Q265049	ar
0	2	تخطيط	Q265049	ar
1	1	انظر أيضاً	Q265049	ar
1	2	الغايات والأهداف	Q265049	ar
2	1	متحف	Q265049	ar
2	2	مُجمّع الكتب الرقمي	Q265049	ar
3	1	خدمات الأرشيف الوطني	Q265049	ar
3	2	معرض الصور	Q265049	ar
0	1	تاريخ المكتبة	Q5062931	ar
0	2	التأسيس	Q5062931	ar
1	1	أهداف المكتبة	Q5062931	ar
1	2	المكتبة	Q5062931	ar
2	1	أقسامها	Q5062931	ar
2	2	الإفتتاح	Q5062931	ar
3	1	انظر ايضاً	Q5062931	ar
3	2	الخدمات	Q5062931	ar
4	1	الفن المعاصر	Q5062931	ar
4	2	المنشأت	Q5062931	ar
0	1	تاريخ المكتبة	Q1820598	ar
0	2	التأسيس	Q1820598	ar
1	1	أهداف المكتبة	Q1820598	ar
1	2	المكتبة	Q1820598	ar
2	1	أقسامها	Q1820598	ar
2	2	الإفتتاح	Q1820598	ar
3	1	انظر ايضاً	Q1820598	ar
3	2	الخدمات	Q1820598	ar
4	1	الفن المعاصر	Q1820598	ar
4	2	المنشأت	Q1820598	ar
0	1	تاريخ المكتبة	Q1476351	ar
0	2	التأسيس	Q1476351	ar
1	1	أهداف المكتبة	Q1476351	ar
1	2	المكتبة	Q1476351	ar
2	1	أقسامها	Q1476351	ar
2	2	الإفتتاح	Q1476351	ar
3	1	انظر ايضاً	Q1476351	ar
3	2	الخدمات	Q1476351	ar
4	1	الفن المعاصر	Q1476351	ar
4	2	المنشأت	Q1476351	ar
0	1	تاريخ المكتبة	Q1667757	ar
0	2	التأسيس	Q1667757	ar
1	1	أهداف المكتبة	Q1667757	ar
1	2	المكتبة	Q1667757	ar
2	1	أقسامها	Q1667757	ar
2	2	الإفتتاح	Q1667757	ar
3	1	انظر ايضاً	Q1667757	ar
3	2	الخدمات	Q1667757	ar
4	1	الفن المعاصر	Q1667757	ar
4	2	المنشأت	Q1667757	ar
0	1	تاريخ المكتبة	Q19152899	ar
0	2	التأسيس	Q19152899	ar
1	1	أهداف المكتبة	Q19152899	ar
1	2	المكتبة	Q19152899	ar
2	1	أقسامها	Q19152899	ar
2	2	الإفتتاح	Q19152899	ar
3	1	انظر ايضاً	Q19152899	ar
3	2	الخدمات	Q19152899	ar
4	1	الفن المعاصر	Q19152899	ar
4	2	المنشأت	Q19152899	ar
0	1	تاريخ المكتبة	Q7305434	ar
0	2	التأسيس	Q7305434	ar
1	1	أهداف المكتبة	Q7305434	ar
1	2	المكتبة	Q7305434	ar
2	1	أقسامها	Q7305434	ar
2	2	الإفتتاح	Q7305434	ar
3	1	انظر ايضاً	Q7305434	ar
3	2	الخدمات	Q7305434	ar
4	1	الفن المعاصر	Q7305434	ar
4	2	المنشأت	Q7305434	ar
0	1	موقعه	Q4181965	ar
0	2	التأسيس	Q4181965	ar
1	1	المجموعة	Q4181965	ar
1	2	العمارة	Q4181965	ar
2	1	أهداف المتحف	Q4181965	ar
2	2	الهندسة المعمارية	Q4181965	ar
3	1	مجموعات المتحف	Q4181965	ar
3	2	معارض	Q4181965	ar
0	1	تاريخ المكتبة	Q172266	ar
0	2	التأسيس	Q172266	ar
1	1	أهداف المكتبة	Q172266	ar
1	2	المكتبة	Q172266	ar
2	1	أقسامها	Q172266	ar
2	2	الإفتتاح	Q172266	ar
3	1	انظر ايضاً	Q172266	ar
3	2	الخدمات	Q172266	ar
4	1	الفن المعاصر	Q172266	ar
4	2	المنشأت	Q172266	ar
0	1	تاريخ المكتبة	Q570837	ar
0	2	التأسيس	Q570837	ar
1	1	أهداف المكتبة	Q570837	ar
1	2	المكتبة	Q570837	ar
2	1	أقسامها	Q570837	ar
2	2	الإفتتاح	Q570837	ar
3	1	انظر ايضاً	Q570837	ar
3	2	الخدمات	Q570837	ar
4	1	الفن المعاصر	Q570837	ar
4	2	المنشأت	Q570837	ar
0	1	تاريخ المكتبة	Q639661	ar
0	2	التأسيس	Q639661	ar
1	1	أهداف المكتبة	Q639661	ar
1	2	المكتبة	Q639661	ar
2	1	أقسامها	Q639661	ar
2	2	الإفتتاح	Q639661	ar
3	1	انظر ايضاً	Q639661	ar
3	2	الخدمات	Q639661	ar
4	1	الفن المعاصر	Q639661	ar
4	2	المنشأت	Q639661	ar
0	1	تاريخ المكتبة	Q83466	ar
0	2	التأسيس	Q83466	ar
1	1	أهداف المكتبة	Q83466	ar
1	2	المكتبة	Q83466	ar
2	1	أقسامها	Q83466	ar
2	2	الإفتتاح	Q83466	ar
3	1	انظر ايضاً	Q83466	ar
3	2	الخدمات	Q83466	ar
4	1	الفن المعاصر	Q83466	ar
4	2	المنشأت	Q83466	ar
0	1	Descripció	Q367840	ca
0	2	Característiques	Q367840	ca
1	1	Contingut	Q367840	ca
1	2	Objectius	Q367840	ca
2	1	Funcionament	Q367840	ca
2	2	Biblioteca	Q367840	ca
3	1	Publicacions	Q367840	ca
3	2	Estructura	Q367840	ca
0	1	Descripció	Q616272	ca
0	2	Característiques	Q616272	ca
1	1	Contingut	Q616272	ca
1	2	Objectius	Q616272	ca
2	1	Funcionament	Q616272	ca
2	2	Biblioteca	Q616272	ca
3	1	Publicacions	Q616272	ca
3	2	Estructura	Q616272	ca
0	1	Descripció	Q638395	ca
0	2	Característiques	Q638395	ca
1	1	Contingut	Q638395	ca
1	2	Objectius	Q638395	ca
2	1	Funcionament	Q638395	ca
2	2	Biblioteca	Q638395	ca
3	1	Publicacions	Q638395	ca
3	2	Estructura	Q638395	ca
0	1	Descripció	Q377579	ca
0	2	Arquitectura	Q377579	ca
1	1	Col·leccions	Q377579	ca
1	2	Característiques	Q377579	ca
2	1	Funcionament	Q377579	ca
2	2	Projectes	Q377579	ca
3	1	Laberintos	Q377579	ca
3	2	Nom de domini	Q377579	ca
0	1	Descripció	Q59435	ca
0	2	Arquitectura	Q59435	ca
1	1	Col·leccions	Q59435	ca
1	2	Característiques	Q59435	ca
2	1	Funcionament	Q59435	ca
2	2	Projectes	Q59435	ca
3	1	Laberintos	Q59435	ca
3	2	Nom de domini	Q59435	ca
0	1	Descripció	Q1362629	ca
0	2	Arquitectura	Q1362629	ca
1	1	Col·leccions	Q1362629	ca
1	2	Característiques	Q1362629	ca
2	1	Funcionament	Q1362629	ca
2	2	Projectes	Q1362629	ca
3	1	Laberintos	Q1362629	ca
3	2	Nom de domini	Q1362629	ca
0	1	Descripció	Q878754	ca
0	2	Arquitectura	Q878754	ca
1	1	Col·leccions	Q878754	ca
1	2	Característiques	Q878754	ca
2	1	Funcionament	Q878754	ca
2	2	Projectes	Q878754	ca
3	1	Laberintos	Q878754	ca
3	2	Nom de domini	Q878754	ca
0	1	Descripció	Q318289	ca
0	2	Característiques	Q318289	ca
1	1	Contingut	Q318289	ca
1	2	Objectius	Q318289	ca
2	1	Funcionament	Q318289	ca
2	2	Biblioteca	Q318289	ca
3	1	Publicacions	Q318289	ca
3	2	Estructura	Q318289	ca
0	1	Descripció	Q1368166	ca
0	2	Arquitectura	Q1368166	ca
1	1	Col·leccions	Q1368166	ca
1	2	Característiques	Q1368166	ca
2	1	Funcionament	Q1368166	ca
2	2	Projectes	Q1368166	ca
3	1	Laberintos	Q1368166	ca
3	2	Nom de domini	Q1368166	ca
0	1	Descripció	Q428765	ca
0	2	Arquitectura	Q428765	ca
1	1	Col·leccions	Q428765	ca
1	2	Característiques	Q428765	ca
2	1	Funcionament	Q428765	ca
2	2	Projectes	Q428765	ca
3	1	Laberintos	Q428765	ca
3	2	Nom de domini	Q428765	ca
0	1	Descripció	Q865736	ca
0	2	Arquitectura	Q865736	ca
1	1	Col·leccions	Q865736	ca
1	2	Característiques	Q865736	ca
2	1	Funcionament	Q865736	ca
2	2	Projectes	Q865736	ca
3	1	Laberintos	Q865736	ca
3	2	Nom de domini	Q865736	ca
0	1	Descripció	Q1439912	ca
0	2	Arquitectura	Q1439912	ca
1	1	Col·leccions	Q1439912	ca
1	2	Característiques	Q1439912	ca
2	1	Funcionament	Q1439912	ca
2	2	Projectes	Q1439912	ca
3	1	Laberintos	Q1439912	ca
3	2	Nom de domini	Q1439912	ca
0	1	Descripció	Q1400558	ca
0	2	Característiques	Q1400558	ca
1	1	Contingut	Q1400558	ca
1	2	Objectius	Q1400558	ca
2	1	Funcionament	Q1400558	ca
2	2	Biblioteca	Q1400558	ca
3	1	Publicacions	Q1400558	ca
3	2	Estructura	Q1400558	ca
0	1	Descripció	Q1421440	ca
0	2	Arquitectura	Q1421440	ca
1	1	Col·leccions	Q1421440	ca
1	2	Característiques	Q1421440	ca
2	1	Funcionament	Q1421440	ca
2	2	Projectes	Q1421440	ca
3	1	Laberintos	Q1421440	ca
3	2	Nom de domini	Q1421440	ca
0	1	Descripció	Q461277	ca
0	2	Arquitectura	Q461277	ca
1	1	Col·leccions	Q461277	ca
1	2	Característiques	Q461277	ca
2	1	Funcionament	Q461277	ca
2	2	Projectes	Q461277	ca
3	1	Laberintos	Q461277	ca
3	2	Nom de domini	Q461277	ca
0	1	Descripció	Q1572452	ca
0	2	Arquitectura	Q1572452	ca
1	1	Col·leccions	Q1572452	ca
1	2	Característiques	Q1572452	ca
2	1	Funcionament	Q1572452	ca
2	2	Projectes	Q1572452	ca
3	1	Laberintos	Q1572452	ca
3	2	Nom de domini	Q1572452	ca
0	1	Descripció	Q1416890	ca
0	2	Arquitectura	Q1416890	ca
1	1	Col·leccions	Q1416890	ca
1	2	Característiques	Q1416890	ca
2	1	Funcionament	Q1416890	ca
2	2	Projectes	Q1416890	ca
3	1	Laberintos	Q1416890	ca
3	2	Nom de domini	Q1416890	ca
0	1	Descripció	Q856483	ca
0	2	Característiques	Q856483	ca
1	1	Contingut	Q856483	ca
1	2	Objectius	Q856483	ca
2	1	Funcionament	Q856483	ca
2	2	Biblioteca	Q856483	ca
3	1	Publicacions	Q856483	ca
3	2	Estructura	Q856483	ca
0	1	Descripció	Q1756399	ca
0	2	Arquitectura	Q1756399	ca
1	1	Col·leccions	Q1756399	ca
1	2	Característiques	Q1756399	ca
2	1	Funcionament	Q1756399	ca
2	2	Projectes	Q1756399	ca
3	1	Laberintos	Q1756399	ca
3	2	Nom de domini	Q1756399	ca
0	1	Descripció	Q3639582	ca
0	2	Característiques	Q3639582	ca
1	1	Contingut	Q3639582	ca
1	2	Objectius	Q3639582	ca
2	1	Funcionament	Q3639582	ca
2	2	Biblioteca	Q3639582	ca
3	1	Publicacions	Q3639582	ca
3	2	Estructura	Q3639582	ca
0	1	Descripció	Q616676	ca
0	2	Arquitectura	Q616676	ca
1	1	Col·leccions	Q616676	ca
1	2	Característiques	Q616676	ca
2	1	Funcionament	Q616676	ca
2	2	Projectes	Q616676	ca
3	1	Laberintos	Q616676	ca
3	2	Nom de domini	Q616676	ca
0	1	Descripció	Q1760539	ca
0	2	Arquitectura	Q1760539	ca
1	1	Col·leccions	Q1760539	ca
1	2	Característiques	Q1760539	ca
2	1	Funcionament	Q1760539	ca
2	2	Projectes	Q1760539	ca
3	1	Laberintos	Q1760539	ca
3	2	Nom de domini	Q1760539	ca
0	1	Descripció	Q653002	ca
0	2	Arquitectura	Q653002	ca
1	1	Col·leccions	Q653002	ca
1	2	Característiques	Q653002	ca
2	1	Funcionament	Q653002	ca
2	2	Projectes	Q653002	ca
3	1	Laberintos	Q653002	ca
3	2	Nom de domini	Q653002	ca
0	1	Descripció	Q569079	ca
0	2	Arquitectura	Q569079	ca
1	1	Col·leccions	Q569079	ca
1	2	Característiques	Q569079	ca
2	1	Funcionament	Q569079	ca
2	2	Projectes	Q569079	ca
3	1	Laberintos	Q569079	ca
3	2	Nom de domini	Q569079	ca
0	1	Descripció	Q1895953	ca
0	2	Arquitectura	Q1895953	ca
1	1	Col·leccions	Q1895953	ca
1	2	Característiques	Q1895953	ca
2	1	Funcionament	Q1895953	ca
2	2	Projectes	Q1895953	ca
3	1	Laberintos	Q1895953	ca
3	2	Nom de domini	Q1895953	ca
0	1	Descripció	Q666331	ca
0	2	Característiques	Q666331	ca
1	1	Contingut	Q666331	ca
1	2	Objectius	Q666331	ca
2	1	Funcionament	Q666331	ca
2	2	Biblioteca	Q666331	ca
3	1	Publicacions	Q666331	ca
3	2	Estructura	Q666331	ca
0	1	Descripció	Q3867648	ca
0	2	Arquitectura	Q3867648	ca
1	1	Col·leccions	Q3867648	ca
1	2	Característiques	Q3867648	ca
2	1	Funcionament	Q3867648	ca
2	2	Projectes	Q3867648	ca
3	1	Laberintos	Q3867648	ca
3	2	Nom de domini	Q3867648	ca
0	1	Descripció	Q671384	ca
0	2	Arquitectura	Q671384	ca
1	1	Col·leccions	Q671384	ca
1	2	Característiques	Q671384	ca
2	1	Funcionament	Q671384	ca
2	2	Projectes	Q671384	ca
3	1	Laberintos	Q671384	ca
3	2	Nom de domini	Q671384	ca
0	1	Descripció	Q1546378	ca
0	2	Arquitectura	Q1546378	ca
1	1	Col·leccions	Q1546378	ca
1	2	Característiques	Q1546378	ca
2	1	Funcionament	Q1546378	ca
2	2	Projectes	Q1546378	ca
3	1	Laberintos	Q1546378	ca
3	2	Nom de domini	Q1546378	ca
0	1	Descripció	Q3330214	ca
0	2	Arquitectura	Q3330214	ca
1	1	Col·leccions	Q3330214	ca
1	2	Característiques	Q3330214	ca
2	1	Funcionament	Q3330214	ca
2	2	Projectes	Q3330214	ca
3	1	Laberintos	Q3330214	ca
3	2	Nom de domini	Q3330214	ca
0	1	Descripció	Q3330222	ca
0	2	Arquitectura	Q3330222	ca
1	1	Col·leccions	Q3330222	ca
1	2	Característiques	Q3330222	ca
2	1	Funcionament	Q3330222	ca
2	2	Projectes	Q3330222	ca
3	1	Laberintos	Q3330222	ca
3	2	Nom de domini	Q3330222	ca
0	1	Descripció	Q1976985	ca
0	2	Arquitectura	Q1976985	ca
1	1	Col·leccions	Q1976985	ca
1	2	Característiques	Q1976985	ca
2	1	Funcionament	Q1976985	ca
2	2	Projectes	Q1976985	ca
3	1	Laberintos	Q1976985	ca
3	2	Nom de domini	Q1976985	ca
0	1	Descripció	Q3330205	ca
0	2	Arquitectura	Q3330205	ca
1	1	Col·leccions	Q3330205	ca
1	2	Característiques	Q3330205	ca
2	1	Funcionament	Q3330205	ca
2	2	Projectes	Q3330205	ca
3	1	Laberintos	Q3330205	ca
3	2	Nom de domini	Q3330205	ca
0	1	Descripció	Q2034636	ca
0	2	Arquitectura	Q2034636	ca
1	1	Col·leccions	Q2034636	ca
1	2	Característiques	Q2034636	ca
2	1	Funcionament	Q2034636	ca
2	2	Projectes	Q2034636	ca
3	1	Laberintos	Q2034636	ca
3	2	Nom de domini	Q2034636	ca
0	1	Descripció	Q627423	ca
0	2	Arquitectura	Q627423	ca
1	1	Col·leccions	Q627423	ca
1	2	Característiques	Q627423	ca
2	1	Funcionament	Q627423	ca
2	2	Projectes	Q627423	ca
3	1	Laberintos	Q627423	ca
3	2	Nom de domini	Q627423	ca
0	1	Descripció	Q683389	ca
0	2	Arquitectura	Q683389	ca
1	1	Col·leccions	Q683389	ca
1	2	Característiques	Q683389	ca
2	1	Funcionament	Q683389	ca
2	2	Projectes	Q683389	ca
3	1	Laberintos	Q683389	ca
3	2	Nom de domini	Q683389	ca
0	1	Descripció	Q677561	ca
0	2	Arquitectura	Q677561	ca
1	1	Col·leccions	Q677561	ca
1	2	Característiques	Q677561	ca
2	1	Funcionament	Q677561	ca
2	2	Projectes	Q677561	ca
3	1	Laberintos	Q677561	ca
3	2	Nom de domini	Q677561	ca
0	1	Descripció	Q1068063	ca
0	2	Arquitectura	Q1068063	ca
1	1	Col·leccions	Q1068063	ca
1	2	Característiques	Q1068063	ca
2	1	Funcionament	Q1068063	ca
2	2	Projectes	Q1068063	ca
3	1	Laberintos	Q1068063	ca
3	2	Nom de domini	Q1068063	ca
0	1	Descripció	Q872896	ca
0	2	Característiques	Q872896	ca
1	1	Contingut	Q872896	ca
1	2	Objectius	Q872896	ca
2	1	Funcionament	Q872896	ca
2	2	Biblioteca	Q872896	ca
3	1	Publicacions	Q872896	ca
3	2	Estructura	Q872896	ca
0	1	Descripció	Q5408662	ca
0	2	Característiques	Q5408662	ca
1	1	Contingut	Q5408662	ca
1	2	Objectius	Q5408662	ca
2	1	Funcionament	Q5408662	ca
2	2	Biblioteca	Q5408662	ca
3	1	Publicacions	Q5408662	ca
3	2	Estructura	Q5408662	ca
0	1	Descripció	Q1967876	ca
0	2	Característiques	Q1967876	ca
1	1	Contingut	Q1967876	ca
1	2	Objectius	Q1967876	ca
2	1	Funcionament	Q1967876	ca
2	2	Biblioteca	Q1967876	ca
3	1	Publicacions	Q1967876	ca
3	2	Estructura	Q1967876	ca
0	1	Descripció	Q2947745	ca
0	2	Arquitectura	Q2947745	ca
1	1	Col·leccions	Q2947745	ca
1	2	Característiques	Q2947745	ca
2	1	Funcionament	Q2947745	ca
2	2	Projectes	Q2947745	ca
3	1	Laberintos	Q2947745	ca
3	2	Nom de domini	Q2947745	ca
0	1	Descripció	Q3075489	ca
0	2	Arquitectura	Q3075489	ca
1	1	Col·leccions	Q3075489	ca
1	2	Característiques	Q3075489	ca
2	1	Funcionament	Q3075489	ca
2	2	Projectes	Q3075489	ca
3	1	Laberintos	Q3075489	ca
3	2	Nom de domini	Q3075489	ca
0	1	Descripció	Q1183941	ca
0	2	Arquitectura	Q1183941	ca
1	1	Col·leccions	Q1183941	ca
1	2	Característiques	Q1183941	ca
2	1	Funcionament	Q1183941	ca
2	2	Projectes	Q1183941	ca
3	1	Laberintos	Q1183941	ca
3	2	Nom de domini	Q1183941	ca
0	1	Descripció	Q5728032	ca
0	2	Característiques	Q5728032	ca
1	1	Contingut	Q5728032	ca
1	2	Objectius	Q5728032	ca
2	1	Funcionament	Q5728032	ca
2	2	Biblioteca	Q5728032	ca
3	1	Publicacions	Q5728032	ca
3	2	Estructura	Q5728032	ca
0	1	Descripció	Q1132918	ca
0	2	Arquitectura	Q1132918	ca
1	1	Col·leccions	Q1132918	ca
1	2	Característiques	Q1132918	ca
2	1	Funcionament	Q1132918	ca
2	2	Projectes	Q1132918	ca
3	1	Laberintos	Q1132918	ca
3	2	Nom de domini	Q1132918	ca
0	1	Descripció	Q1167467	ca
0	2	Arquitectura	Q1167467	ca
1	1	Col·leccions	Q1167467	ca
1	2	Característiques	Q1167467	ca
2	1	Funcionament	Q1167467	ca
2	2	Projectes	Q1167467	ca
3	1	Laberintos	Q1167467	ca
3	2	Nom de domini	Q1167467	ca
0	1	Descripció	Q1117704	ca
0	2	Arquitectura	Q1117704	ca
1	1	Col·leccions	Q1117704	ca
1	2	Característiques	Q1117704	ca
2	1	Funcionament	Q1117704	ca
2	2	Projectes	Q1117704	ca
3	1	Laberintos	Q1117704	ca
3	2	Nom de domini	Q1117704	ca
0	1	Descripció	Q2997830	ca
0	2	Arquitectura	Q2997830	ca
1	1	Col·leccions	Q2997830	ca
1	2	Característiques	Q2997830	ca
2	1	Funcionament	Q2997830	ca
2	2	Projectes	Q2997830	ca
3	1	Laberintos	Q2997830	ca
3	2	Nom de domini	Q2997830	ca
0	1	Descripció	Q700959	ca
0	2	Arquitectura	Q700959	ca
1	1	Col·leccions	Q700959	ca
1	2	Característiques	Q700959	ca
2	1	Funcionament	Q700959	ca
2	2	Projectes	Q700959	ca
3	1	Laberintos	Q700959	ca
3	2	Nom de domini	Q700959	ca
0	1	Descripció	Q2977589	ca
0	2	Arquitectura	Q2977589	ca
1	1	Col·leccions	Q2977589	ca
1	2	Característiques	Q2977589	ca
2	1	Funcionament	Q2977589	ca
2	2	Projectes	Q2977589	ca
3	1	Laberintos	Q2977589	ca
3	2	Nom de domini	Q2977589	ca
0	1	Descripció	Q3094617	ca
0	2	Arquitectura	Q3094617	ca
1	1	Col·leccions	Q3094617	ca
1	2	Característiques	Q3094617	ca
2	1	Funcionament	Q3094617	ca
2	2	Projectes	Q3094617	ca
3	1	Laberintos	Q3094617	ca
3	2	Nom de domini	Q3094617	ca
0	1	Descripció	Q3663151	ca
0	2	Arquitectura	Q3663151	ca
1	1	Col·leccions	Q3663151	ca
1	2	Característiques	Q3663151	ca
2	1	Funcionament	Q3663151	ca
2	2	Projectes	Q3663151	ca
3	1	Laberintos	Q3663151	ca
3	2	Nom de domini	Q3663151	ca
0	1	Descripció	Q44724678	ca
0	2	Arquitectura	Q44724678	ca
1	1	Col·leccions	Q44724678	ca
1	2	Característiques	Q44724678	ca
2	1	Funcionament	Q44724678	ca
2	2	Projectes	Q44724678	ca
3	1	Laberintos	Q44724678	ca
3	2	Nom de domini	Q44724678	ca
0	1	Descripció	Q745866	ca
0	2	Arquitectura	Q745866	ca
1	1	Col·leccions	Q745866	ca
1	2	Característiques	Q745866	ca
2	1	Funcionament	Q745866	ca
2	2	Projectes	Q745866	ca
3	1	Laberintos	Q745866	ca
3	2	Nom de domini	Q745866	ca
0	1	Descripció	Q751172	ca
0	2	Arquitectura	Q751172	ca
1	1	Col·leccions	Q751172	ca
1	2	Característiques	Q751172	ca
2	1	Funcionament	Q751172	ca
2	2	Projectes	Q751172	ca
3	1	Laberintos	Q751172	ca
3	2	Nom de domini	Q751172	ca
0	1	Descripció	Q845468	ca
0	2	Arquitectura	Q845468	ca
1	1	Col·leccions	Q845468	ca
1	2	Característiques	Q845468	ca
2	1	Funcionament	Q845468	ca
2	2	Projectes	Q845468	ca
3	1	Laberintos	Q845468	ca
3	2	Nom de domini	Q845468	ca
0	1	Descripció	Q2496316	ca
0	2	Característiques	Q2496316	ca
1	1	Contingut	Q2496316	ca
1	2	Objectius	Q2496316	ca
2	1	Funcionament	Q2496316	ca
2	2	Biblioteca	Q2496316	ca
3	1	Publicacions	Q2496316	ca
3	2	Estructura	Q2496316	ca
0	1	Descripció	Q812285	ca
0	2	Arquitectura	Q812285	ca
1	1	Col·leccions	Q812285	ca
1	2	Característiques	Q812285	ca
2	1	Funcionament	Q812285	ca
2	2	Projectes	Q812285	ca
3	1	Laberintos	Q812285	ca
3	2	Nom de domini	Q812285	ca
0	1	Descripció	Q6352575	ca
0	2	Arquitectura	Q6352575	ca
1	1	Col·leccions	Q6352575	ca
1	2	Característiques	Q6352575	ca
2	1	Funcionament	Q6352575	ca
2	2	Projectes	Q6352575	ca
3	1	Laberintos	Q6352575	ca
3	2	Nom de domini	Q6352575	ca
0	1	Descripció	Q2057876	ca
0	2	Característiques	Q2057876	ca
1	1	Contingut	Q2057876	ca
1	2	Objectius	Q2057876	ca
2	1	Funcionament	Q2057876	ca
2	2	Biblioteca	Q2057876	ca
3	1	Publicacions	Q2057876	ca
3	2	Estructura	Q2057876	ca
0	1	Descripció	Q2310268	ca
0	2	Característiques	Q2310268	ca
1	1	Contingut	Q2310268	ca
1	2	Objectius	Q2310268	ca
2	1	Funcionament	Q2310268	ca
2	2	Biblioteca	Q2310268	ca
3	1	Publicacions	Q2310268	ca
3	2	Estructura	Q2310268	ca
0	1	Descripció	Q2007919	ca
0	2	Característiques	Q2007919	ca
1	1	Contingut	Q2007919	ca
1	2	Objectius	Q2007919	ca
2	1	Funcionament	Q2007919	ca
2	2	Biblioteca	Q2007919	ca
3	1	Publicacions	Q2007919	ca
3	2	Estructura	Q2007919	ca
0	1	Descripció	Q5114675	ca
0	2	Arquitectura	Q5114675	ca
1	1	Col·leccions	Q5114675	ca
1	2	Característiques	Q5114675	ca
2	1	Funcionament	Q5114675	ca
2	2	Projectes	Q5114675	ca
3	1	Laberintos	Q5114675	ca
3	2	Nom de domini	Q5114675	ca
0	1	Descripció	Q81180	ca
0	2	Arquitectura	Q81180	ca
1	1	Col·leccions	Q81180	ca
1	2	Característiques	Q81180	ca
2	1	Funcionament	Q81180	ca
2	2	Projectes	Q81180	ca
3	1	Laberintos	Q81180	ca
3	2	Nom de domini	Q81180	ca
0	1	Descripció	Q6940507	ca
0	2	Arquitectura	Q6940507	ca
1	1	Col·leccions	Q6940507	ca
1	2	Característiques	Q6940507	ca
2	1	Funcionament	Q6940507	ca
2	2	Projectes	Q6940507	ca
3	1	Laberintos	Q6940507	ca
3	2	Nom de domini	Q6940507	ca
0	1	Descripció	Q782783	ca
0	2	Arquitectura	Q782783	ca
1	1	Col·leccions	Q782783	ca
1	2	Característiques	Q782783	ca
2	1	Funcionament	Q782783	ca
2	2	Projectes	Q782783	ca
3	1	Laberintos	Q782783	ca
3	2	Nom de domini	Q782783	ca
0	1	Descripció	Q5935366	ca
0	2	Arquitectura	Q5935366	ca
1	1	Col·leccions	Q5935366	ca
1	2	Característiques	Q5935366	ca
2	1	Funcionament	Q5935366	ca
2	2	Projectes	Q5935366	ca
3	1	Laberintos	Q5935366	ca
3	2	Nom de domini	Q5935366	ca
0	1	Descripció	Q6088683	ca
0	2	Arquitectura	Q6088683	ca
1	1	Col·leccions	Q6088683	ca
1	2	Característiques	Q6088683	ca
2	1	Funcionament	Q6088683	ca
2	2	Projectes	Q6088683	ca
3	1	Laberintos	Q6088683	ca
3	2	Nom de domini	Q6088683	ca
0	1	Descripció	Q5161648	ca
0	2	Arquitectura	Q5161648	ca
1	1	Col·leccions	Q5161648	ca
1	2	Característiques	Q5161648	ca
2	1	Funcionament	Q5161648	ca
2	2	Projectes	Q5161648	ca
3	1	Laberintos	Q5161648	ca
3	2	Nom de domini	Q5161648	ca
0	1	Descripció	Q897468	ca
0	2	Arquitectura	Q897468	ca
1	1	Col·leccions	Q897468	ca
1	2	Característiques	Q897468	ca
2	1	Funcionament	Q897468	ca
2	2	Projectes	Q897468	ca
3	1	Laberintos	Q897468	ca
3	2	Nom de domini	Q897468	ca
0	1	Descripció	Q233098	ca
0	2	Arquitectura	Q233098	ca
1	1	Col·leccions	Q233098	ca
1	2	Característiques	Q233098	ca
2	1	Funcionament	Q233098	ca
2	2	Projectes	Q233098	ca
3	1	Laberintos	Q233098	ca
3	2	Nom de domini	Q233098	ca
0	1	Descripció	Q11795583	ca
0	2	Arquitectura	Q11795583	ca
1	1	Col·leccions	Q11795583	ca
1	2	Característiques	Q11795583	ca
2	1	Funcionament	Q11795583	ca
2	2	Projectes	Q11795583	ca
3	1	Laberintos	Q11795583	ca
3	2	Nom de domini	Q11795583	ca
0	1	Descripció	Q12110695	ca
0	2	Arquitectura	Q12110695	ca
1	1	Col·leccions	Q12110695	ca
1	2	Característiques	Q12110695	ca
2	1	Funcionament	Q12110695	ca
2	2	Projectes	Q12110695	ca
3	1	Laberintos	Q12110695	ca
3	2	Nom de domini	Q12110695	ca
0	1	Descripció	Q5148987	ca
0	2	Arquitectura	Q5148987	ca
1	1	Col·leccions	Q5148987	ca
1	2	Característiques	Q5148987	ca
2	1	Funcionament	Q5148987	ca
2	2	Projectes	Q5148987	ca
3	1	Laberintos	Q5148987	ca
3	2	Nom de domini	Q5148987	ca
0	1	Descripció	Q10886452	ca
0	2	Arquitectura	Q10886452	ca
1	1	Col·leccions	Q10886452	ca
1	2	Característiques	Q10886452	ca
2	1	Funcionament	Q10886452	ca
2	2	Projectes	Q10886452	ca
3	1	Laberintos	Q10886452	ca
3	2	Nom de domini	Q10886452	ca
0	1	Descripció	Q758657	ca
0	2	Arquitectura	Q758657	ca
1	1	Col·leccions	Q758657	ca
1	2	Característiques	Q758657	ca
2	1	Funcionament	Q758657	ca
2	2	Projectes	Q758657	ca
3	1	Laberintos	Q758657	ca
3	2	Nom de domini	Q758657	ca
0	1	Descripció	Q59832274	ca
0	2	Característiques	Q59832274	ca
1	1	Contingut	Q59832274	ca
1	2	Objectius	Q59832274	ca
2	1	Funcionament	Q59832274	ca
2	2	Biblioteca	Q59832274	ca
3	1	Publicacions	Q59832274	ca
3	2	Estructura	Q59832274	ca
0	1	Descripció	Q1093313	ca
0	2	Arquitectura	Q1093313	ca
1	1	Col·leccions	Q1093313	ca
1	2	Característiques	Q1093313	ca
2	1	Funcionament	Q1093313	ca
2	2	Projectes	Q1093313	ca
3	1	Laberintos	Q1093313	ca
3	2	Nom de domini	Q1093313	ca
0	1	Descripció	Q525981	ca
0	2	Característiques	Q525981	ca
1	1	Contingut	Q525981	ca
1	2	Objectius	Q525981	ca
2	1	Funcionament	Q525981	ca
2	2	Biblioteca	Q525981	ca
3	1	Publicacions	Q525981	ca
3	2	Estructura	Q525981	ca
